"Casper, Sky","Larnerd, Taylor","Brutout, Kelly","Hewlett, Tosha","el-Srour, Badraan","Ezzat, Mary","Sam, Dyllan","Rojas Duarte, Augustin","Dye, Rachel","Shenefelt, Frank","Phan, Alan","Hargis, James","Choudhry, Bao Vi","Cardenas, Jose","Martinez, Jesus","Martinez, Kelsi","Hatchett, Anthony","Longwell, Kyle","al-Harroun, Badri","Nguyen, Allen","al-Badour, Awn","Klinger, Katherine","Pacheco, Corey","Dickson, Janaye","Cruz, Priscila","Gorove, Jordon","Rhodes, Tiana","Scott, Jenai","Miller, Rowan","al-Radwan, Thaamira","Atene, Thalia","el-Jan, Jaleela","Tsend Ayush, Ka","al-Radi, Aatifa","Pacheco, Kathy","Nash, Quintin","Martinez, Ruben","Gonzales, Marco","Graham, Barbara","Alex, Esainea","Brigham, Shavawn","Santifer, Tranae","Herman, Anastasia","Preiss, Jenaer","Petrarca, Julia","Perez, Denisse Guadalupe","Le, Tung","Cox, Madison","al-Munir, Izza","Bostic, Laquesh"
-0.13876294034240214,0.35022847867813145,-0.9225854224539012,-1.0238999182742454,0.6097021936426442,-1.0268839383677253,-0.9982986658702838,-2.0811641192689048,-0.04447192039145447,2.1656629893547334,1.448705750106612,0.07504483526323338,-0.5349093746304354,-0.5567439323010243,0.635338733866089,-0.7327331026438745,-0.7490257660594997,-1.22214879072262,1.5647374593981487,-0.6821693756430722,-0.27090031764718314,1.3662498029881935,0.1243986058358552,-1.189887377801506,-0.4825900127219789,2.7486911695929184,0.3579180340472486,-0.3367352451886827,3.0837395389115705,0.2581208186311583,-0.17819182225762573,1.843909329426919,-1.1858288858012667,0.13809993324237915,1.0185514450334276,0.3318269543054421,-0.7547402416381225,0.21812744165915296,1.101091467831939,-0.5159932915731462,-0.47308565120942575,0.6521350570332285,0.5945458304819051,-1.5846408838810535,1.8616424995302179,0.6593894920062608,-0.05391044817022667,0.2554423128126689,-0.09065463892430546,-1.0032631913386603
-2.1362050003837685,-0.1375795811829069,0.4073690854803554,-0.6223021165739546,1.193582008310369,-0.29921632236948076,-1.4842815061272476,0.9542393856503124,-0.5348111632302801,-0.5753757575705406,-1.5660912885075806,-0.8396500337690674,2.337528822682681,-1.1102071837434588,1.8701583879293253,1.114077533234733,-0.6081485312300793,1.0851289636054278,0.4009041275453792,1.8186183867407308,-0.06078590455087497,-0.4616151316381626,0.3626500909222309,0.15336302847063354,-1.3171843134930794,-0.8517970584113633,-0.3157000541704558,0.7592686412998896,0.9374981718322954,-0.5480267116229774,-0.33238570527836914,0.41958246226038004,0.9548997969884682,0.8745396270621474,1.4035685777628464,-0.260038290356082,-1.298289429747821,-1.6097585997238475,-0.36976808587064747,0.37283578264485895,-0.10388751123498804,-1.221089622951006,0.24685679744729255,0.8814206597152419,0.9095813242221757,-0.5633859038347057,0.6702862431766681,-0.014349628706736473,-0.9043147365880256,0.35139421911406954
-0.031219995960159005,0.4008818670400706,0.26401143438050706,0.3555871570779304,-0.8588104266207737,1.0077166861106257,0.2577774830874896,-1.5115922544532123,-0.33754784352241607,0.39063883260337406,0.3953533306836656,-1.3970639202077428,-0.5963380589248862,-1.1612499396064213,-1.1454619384812808,-0.281042036472996,0.41986362472831695,0.21200187352764172,-1.5475572207122548,0.9861583682472894,0.9757084548602586,-0.05682038147035503,0.20540153790892257,0.9126221673570906,-1.3873760147418264,0.4472107106274817,1.954052055833431,-1.8741046106423083,1.3905379868257364,-0.6491553625451503,1.603883830781262,-3.289375848557569,-0.2154248577885773,-0.23590953960605765,-0.96828360146562,0.09981925393863608,-1.0099480066788897,1.5619411814292505,-1.5007567879988524,-0.4471699997002666,0.059077996032468064,-0.47917791284823563,0.7485867719135756,0.36203508091915626,-0.02122445513397656,0.04486726548693733,0.18213833235151203,0.055254181501539455,1.7381978784562149,-0.4486448497251427
-0.5931690379124313,-0.9063789952844368,0.09128355394166468,0.213605953502618,0.8957061933489671,-0.42591120128335047,0.4152900040588136,-0.22414313403266653,-1.948526968123008,1.5586637810958792,-0.15323395996321748,0.10613176878206328,-2.8876298290488793,-0.41292548495005876,-0.8854354441705076,-1.0910002766481661,0.8418497956341283,0.5032210269115376,0.49491061825843324,1.284601321766847,0.2777682094403474,1.0502285791454649,0.7777275736206635,-1.5914644251099421,1.1323934534527427,-1.7279742550064945,1.3076899935629316,-1.7151138043256082,-0.7934248335200224,-0.18583554438164468,1.448821460787117,0.642383067114167,0.21595839415601603,-1.224420655357267,1.5191319207164138,0.00724071688079461,-0.44225535662310667,0.31059148825653604,0.7134897878053785,-3.41378800539887,-0.38884985880278927,0.6251648793335572,-0.9279483446865525,-0.72985728179115406,1.1176691166372286,0.11708093661563398,1.5386113195846163,1.9831250423056153,-0.322913631606971,0.6549691382946803
2.2356027685796405,-0.19884025256206753,-0.6806874288657527,-0.4040696815721422,-1.7089470661689259,0.12706431482694808,1.0254195729126208,-1.3465288955114183,1.2784550164989514,0.19904542772655226,0.2852860185723186,-1.0047211700923826,1.3720853008714053,0.9518894344804019,-0.8755339006871677,0.23922273773726777,0.38015693673667234,-0.4557119940779752,-0.7478538948506595,-2.246400569400275,1.9318410658803946,0.10571373539748957,-0.007731831440315214,-0.44139960859273125,-2.0585145268620444,2.2050514451236274,0.5602848444050599,0.022794423145188942,-0.3076327232952004,1.7147612183762808,-1.0583996500363815,0.21309363953319232,-0.41416433347832476,-1.6513026861456097,0.7648682995558399,0.5760121311819613,-1.2075660600066163,-0.2761657020901903,0.5569793811750994,-0.20899787818783006,0.4783601048662169,1.0942044956127297,-0.6744394006565873,-1.4286901673837094,-0.74761247418357335,1.6305636955300093,-0.41655256233071103,1.0986061656419461,-0.5977460786877699,1.1397998710975155
-2.9179762138833563,-0.9991547043272246,-0.23196949513098408,1.0128223320510175,2.076903545390092,0.6157710245831568,0.7260760679209013,-1.7945843093476888,-1.5951108292080456,-0.6538130013196788,-1.031717268426286,-0.035219989364719075,-0.5986523816788445,-0.9201805265015192,0.7883904563415818,-0.05321768405751047,-0.5348443304030077,-0.782293586541174,6.033593903587046e-4,-0.1685166315882568,-0.3322906064748391,-0.47541284663805156,0.9685023491229626,-0.40296095274770494,0.5586934990807773,0.7258154312822959,-0.5069107226814215,0.12061884040648935,-1.3513778421430487,0.17221515950304417,0.4365143383455035,-1.7182887639907967,0.4150462688502446,0.6227056351297012,0.7053717603425605,-0.14532125062929488,-0.1434483254406457,0.7249997085763072,0.11795116507686768,0.188237618848249,-0.6560898104694207,-0.9052786623430154,-0.9125345144501114,0.6924043343397152,-0.6496985009993084,-0.7849918667703055,0.8743171660673207,2.0475888467885195,1.1249241029233932,0.8461939718331736
1.4882211682074835,-1.1838104344235967,1.985111782764588,-1.6411294413330677,-0.5713397592954456,-1.1246577110211373,0.2197873761463571,-0.44211399605049534,-0.5907004833097331,-0.9975708054152409,0.04551141761144725,-1.6480761654837341,0.5929509178596021,0.11817511796097928,0.031344683974188624,0.040317882232232094,1.1297120093018238,-0.5462030503704597,-0.10165337112476591,-1.4666166275157269,1.4819432931647127,0.18498635184542234,0.49018491743223225,-2.062302718162861,-0.38417502805749254,-0.5139070987941496,0.9835007897263015,1.2190511273514262,0.3624372815393374,0.22243846053284616,-1.297201473882418,-0.13145223466552533,-1.1113448236869117,-0.06392130432926534,0.07354776992798255,-0.3071888379184873,-0.5357420960954512,-1.2502154276021713,0.49119909789117994,-0.0706717227085059,-0.13465147208250594,1.4121139533235765,0.35189276540157566,-0.9057915920828888,0.024421099154644493,0.7669742747733459,0.14098363985602014,-0.4042824611740089,-1.7313280990955728,-1.021504840778519
1.0080246676911238,-0.3313986501816888,-0.9291593571052255,0.48275860856041514,-0.31619096548670533,1.242677021945182,0.6915996117960662,0.647112024498933,-0.37033104572975417,1.400444303209297,-1.1536137871377306,-0.9290324898875387,0.22574206980329006,-0.20299279535976172,0.4889478159439376,0.21545474434617437,1.0318896318464825,1.0362530462752166,-0.14405814262965488,0.7592750359892029,-0.4556555641219261,-0.44763382550698927,-0.009537320333658022,-0.20256487619832994,-1.3256555551919906,0.26113171460140255,0.7216968567109643,-0.06146445504578812,-0.05024897676456234,1.5918410904903342,-0.8290734302734564,-0.6718794713276246,-0.902131112277193,-0.5932431130866327,-0.9550125259823159,-0.07497967356194256,1.9780656121355837,0.0016706241026602448,1.4301033138926054,0.20101115036719053,0.6759576955575384,-0.13260878152795286,0.06278060447084494,-0.29889225582855256,-0.18550745133830676,-0.5934212503245875,2.161787266475964,-0.4116793039274026,1.0550838439674959,-0.8700412743296264
0.7350916296202976,0.16802480124848446,-0.4060902326261959,1.5698305671206172,0.25888517664978805,0.9170153572797162,-0.9804977353711327,0.3158993801176862,1.2055283566878563,2.5994917056840383,0.6597032763878624,0.2721108141936119,1.096312062138143,0.7930997991549895,0.7714698786911983,-0.3940210001359335,-0.9893825755700024,1.090776655032626,-0.331369056733852,1.2227770292299545,-0.23132240166248752,1.8699184228867727,-0.11280998753777398,1.407588689570492,-0.23250750957872837,-0.7104771644515616,-1.446746058121547,0.5079676911661161,2.3118194459384367,-0.28769490592288927,-0.5816112423714058,-0.44346489424291924,0.820606953567625,0.22560336352255206,-1.2500898049108784,-0.45921990107488914,1.099746339883143,0.2831324713256725,-0.3301112262686287,-0.4503450710823168,0.13191003687722472,-0.1924495746862674,0.39391704455832316,0.788320444546589,-0.7753197439019058,-0.2764846098896043,0.027619234857693842,-0.31026808619953333,-0.7112507708659778,-0.6119673044755507
0.1468119927248049,-0.9130055306835124,-1.403432553812459,-0.40784775824861924,-1.2503120602036704,1.272965292994459,-1.1406097038614702,-0.6424738163191855,0.05785070424817016,-1.0473002830109126,-0.9461898167309877,1.0453227945903347,-0.903266023923327,0.03843684147599491,0.24783460866913676,-0.3265908737939649,0.3131685255615102,1.5548723981067452,1.921208154613211,-0.6175353891416026,-0.3271176272146895,-0.3832236070926902,-1.2766712111940357,-1.4073940689952413,-0.1890512993375887,-1.7194485139527362,1.187971203237576,0.2732833541975099,-0.3181633309938007,0.5177252545902593,-0.8473018089319372,0.47127076809131657,-2.8861491249848563,-0.695993002502861,0.30269704161751465,1.5481061485491454,0.5082795063492714,-2.921296015485317,1.01000141216471,0.9523721854223778,0.689808756238025,0.6732530543330896,0.3909015741113222,-0.8836096859303487,0.37121374778167515,-0.04979153024077893,0.12834286333002135,0.721283781384187,0.19106831949942446,0.43996852383068136
-0.710800295204202,-0.1750581282844596,-1.2407290675759317,0.3875849180408471,-0.26289484323598755,-0.42620110290016033,-1.2154879967948256,-0.015757047070823114,0.9442252893767589,0.11053730402209966,0.06354727856790894,0.16927854921524568,-1.1890615912479272,-0.16816299181801955,0.4478316381382928,0.6480038183549122,-1.1596647703531444,-0.06199720549538783,1.5098548579768,-0.5117739422235191,0.2879020299791134,0.9407625823556784,-0.6486005990191525,-1.0994517041674894,1.2023016768504018,-1.089458802751888,0.8570059051306206,0.744498787583579,0.010704375169905049,-0.7230908522543888,0.22859329198010325,-0.59186388659965,-0.27277306456448824,-0.08236858757501214,-0.14433563657324644,-1.0598039732496867,-0.5584923557529651,-0.41008878593333836,-0.5508573216070337,-0.33893973546072936,-1.3906440939891775,0.876163568296054,1.1612759193151867,-1.3242034938364344,-0.6249433990412767,0.3121628565917273,-0.3526022544080726,1.7835047020545838,-1.3378515501230537,-0.7119655510058236
1.1056314007816173,-1.830446120886237,-0.28676520143518575,-0.5582880033242786,0.061487440465567395,-1.4643195896013532,0.04472853632332509,-0.09869514749750731,-0.29423184949256875,-1.5680691456143487,-2.1272326769291587,-0.9944349825801888,1.064969000178881,-0.5841894089855921,-1.1625652652214649,1.6267370162970332,1.4667335390705236,-0.7560564427534692,-0.8892843980711511,-1.6215801929844347,0.4665342268071713,0.0011403793980218292,-0.26330756297962526,-0.3930754930573581,2.398833232950121,-0.9114192883414395,-0.1875702573336894,0.9161528390327163,-0.9411857891758796,0.8483555753698278,-0.31318566644450513,-0.6519158873195938,-0.4440305065147108,0.2858760830753942,1.0650297720738684,1.2126046821893002,2.016853952841893,-0.6906194964985877,1.3848165112120854,-0.45874346760672796,-0.8302332840770369,-0.7583464971402624,1.741978976622876,1.9326655060733755,1.134238416764138,0.10699067509395481,-2.0868779894064557,0.42269264365048276,0.62040897823253,0.2102882471491742
-0.8857470650355951,-0.44673725193472624,-0.3912873017870771,-0.02201503624008618,-0.33996748817809075,0.5111629497808782,0.6614703746809389,-0.023524488561446174,1.6713684484401057,0.06967120631415212,0.32696686109307704,-0.4153373983239793,-0.9585674675059409,0.8918986665178291,-0.06178828210383576,-1.925693773496332,0.2700595780281152,1.4724661737526112,0.1986802070475964,0.7909376353345948,0.14516108680162945,1.3303510367346865,0.9356343090692368,-0.059463044387427035,1.822908991599248,1.1413448963231203,2.3119814587379,-1.3337030139578905,0.23034191061058318,-1.3469812083717374,0.30620212812261816,-1.4567638527519668,0.7465111101552026,-2.0388929744933426,-0.01632053576923863,-0.010445789630920821,-0.2786748366194546,0.3555272676478671,-0.16559749614585098,0.9247425155419435,-0.15480193077444812,0.8645797719025252,-1.309134664886636,-0.5227598076351905,-0.35129946730172157,-0.4814221828876221,-1.9738655117554014,-0.31794469994203983,0.9678632889498514,1.1099856561256232
0.6947618178618757,1.1706672747260944,-0.6169015642325728,0.8156034621223971,2.026294061344481,0.6185322517842494,0.9063922471426443,-0.4460382951932045,0.4869978183568821,-0.3071798647523207,1.1077228977015914,1.0936361266673191,-1.5336941178731454,1.139333076048475,-0.6161034645669189,-0.1356804125145089,1.0671353211870056,-1.5519448950985424,1.1513646799539077,1.4615219552185321,0.599325334115896,0.9307243473113922,0.7913190190464766,0.1049254072572343,1.6269914642285963,0.4662087882469802,0.952848473501362,-0.6834954732485389,-0.7838509511229331,-0.05582606570353009,1.2296375572008855,0.1722846004397454,0.43062132466904585,-0.9843205281140964,-0.37108650223327183,-2.0205570577241367,-0.03686371969633494,1.113193354782419,-0.23280434339438194,1.1927865579607224,-1.57446266611955,-0.9489633993005906,0.43475745369640123,1.7923429828238133,-0.36093004887700325,-0.012709868859445845,-0.13603668034974756,0.30825263338519576,0.34754847748523193,0.543333818221803
0.40263918531463716,-1.1514158976797257,-0.7738443095328821,-0.9140144813935646,-1.7867606509564387,2.5403686238564416,1.4837014530501478,0.36094990261034243,0.5472942173680829,-0.012053286253722073,0.7661628767748956,0.5186842575679063,0.7779694950098568,0.019442483468100038,-1.3048293036276308,0.979682304928802,0.3881438015061022,-0.15888537828916016,1.1025255706706856,-1.6999322157134282,-0.7819323423989343,-0.6487569275550974,-0.8062750127765226,0.18899521809830033,1.615886359387881,-0.3703883080344121,-0.5139298420734795,0.9186706299960415,-1.0384493216086237,1.1277179794983174,1.1711029247126825,0.5509655159772924,-1.3542578460074146,-1.3216367775762223,1.5113711153912959,-0.544876099049932,-1.9302253784920367,0.1476561169171494,0.620238400325893,-0.41890782510010927,0.19054912173664654,0.8385684112693463,-0.6080928010830953,-0.466197814954333,-0.06390321503513807,0.25313452181668755,0.09219265900688513,-0.33582392019233914,-0.6646046689380046,1.248291760501833
1.0762381964351682,-1.1929320200466944,-0.1966269232189711,-0.5548207977491377,-0.10538841564191462,1.719492926049952,0.3292005875748379,-1.0827025109914228,0.8775309839690361,2.8948543908046727,1.0536729823113025,0.7870403389893753,-0.06525827559036926,3.2717827509414583,-1.16898434302642,-1.1792119321006838,-0.10827038669875509,0.6032570197890094,-0.8953830460632812,-1.8125147452457082,-0.23887851618731473,0.2820575954721415,-0.4763227232912092,-0.27820245154774464,0.9287353967062798,-0.2562578614753294,0.931140803824297,-2.1669918070515957,-0.1041947486107887,1.3384395225258374,-2.071288645096397,0.5717220405896047,1.4828803594408646,-1.237309856921685,-0.26534273329572233,1.1559816747476674,1.0945662557388782,-0.8021665010685981,0.6072845233955473,-0.12663888075151358,0.9215286652647633,-0.5304155350582183,1.4107782536617948,0.42716221095732904,1.3619218406644051,0.41804983338611784,-0.6902635630468149,-0.19059199231419713,0.5918858365306539,0.08826875566396684
-0.5965464314884921,-0.21986145850709016,1.1340205431204344,0.5322233473848478,1.1788472885932895,-0.4648827645136577,-0.12819144934417767,0.3775173957745645,-1.4822322527289475,-1.3986804784596691,-1.3559427984614905,0.99670095378985335,2.278204224388913,-0.002993212173462312,0.9376095477172269,1.1668133745566713,0.7504885421559018,-1.1622847390795525,1.409800898847499,1.144141097421408,0.6521353472429708,-0.1458164281294928,1.7371393990269473,2.359196917354731,-0.4545164173347365,1.0722654653495118,0.40929842935922106,-2.568864695178674,-0.9033026106377926,-0.08647127211102912,-0.25441171030179266,1.1891793477304067,1.0557282438841047,1.5525020717048226,-0.6744601111233467,-1.2929197757468036,-0.05477180669922406,-0.07678845003737383,1.4410649166177796,-0.7101613550164153,-0.13125952188500198,-0.7869085486036684,0.699357750880307,0.5231837598218372,0.6110748722023105,-1.3416173944530567,0.6156816325506219,-0.9693720253756146,-0.22968734530004287,0.26386287084666077
-0.5809876279770252,0.5346707329831257,-0.35780118552667795,0.41570968972445765,-0.836164804463538,-1.0067772901929553,-0.661276942989563,-0.33940770447916135,-0.010524012400954777,0.4321134017064531,-0.1693013865733869,0.37746797722109726,0.3436096226346789,2.9238239501317973,-1.3005469870359043,-0.37922741529727116,-1.1033177467575255,-1.5600957837908729,-0.7045957970358796,1.348541857236439,1.0380785711181901,0.5027828581532908,-1.4125170946962162,-0.4476345388501823,0.1711729246136386,-1.0042032544799815,-0.1749455944457124,0.13621451289178846,-0.8624891797743812,-2.3897436366186247,0.47639654010207455,-2.3653338150466188,1.4377351509720873,1.1836040503004488,0.6715592775152279,0.13251446157559643,-1.0155262994909593,-1.010228233327623,0.46998291716765955,0.12986772394972396,-1.640396576887563,1.059018799024387,1.1916119126219495,-1.177170250200206,0.36421306636324396,-0.22087307946758555,1.3618259528435892,0.14257950526129376,0.18326696888250352,-0.9830500409321554
0.30207656381221143,1.236109165520294,-1.2832038636231045,0.8068591818123119,-0.13895112180598576,0.6209889634438984,0.2540682196467313,-0.3355985920282356,0.21442424854362793,1.8326577167113545,-0.06970098801841397,1.1093799976364231,-0.3530927403612973,-0.13387952206529063,-0.40432802676170093,0.7077521214173402,-1.4326824263976887,0.489185585613409,0.1266425332683766,0.3715564550732567,0.33834110276502904,-0.04636091061639966,0.17935206317673283,-1.3353566997888553,-1.5305952591051804,0.5994033026957795,-3.2621493343914088,0.03353699548577097,0.5097640847753486,1.6452488735978852,1.1648359123801983,0.033224041179073203,-0.9728998130114416,0.7643355234213302,1.5032201639246283,-1.2279722205108359,-0.007728665488539361,-1.0085027564681275,1.007826499965602,1.7434920737383572,-0.2479173013811742,0.47027806218691537,-1.2362956556256137,-0.7371386925216857,1.0250787574698117,1.8015933570942122,1.7131362218841177,-0.4198992181921599,-0.43481271003943045,0.6309070221782872
0.3056851555143374,2.6537407286038186,-1.0690518045006863,1.2527481968965113,1.9432848967731378,1.993242492543392,-0.06435527480315036,0.7058040936337999,-0.7667292483367801,-0.6110225434158649,0.7201956486951699,-0.9732139557355738,-0.6271845498948493,-1.5707070621667887,0.9825650492252793,1.4737657781017426,-0.6311536383347909,1.621050507476789,0.16875580379343386,0.24224903230216624,0.7093898255158225,0.4703346532584159,0.2776559595745923,-1.5647814860142142,-0.7778326758530361,-0.9343654117263698,-0.43159278175835836,-0.347424126184933,1.0888799671056626,-0.6225417044790992,-0.5705154441844335,-1.3342976808927893,1.9046176926934906,-0.37078334426277865,-0.9768736149327925,0.08104710581539154,1.0772728926169848,-2.503406509217389,0.6840118015299361,0.8762371016462821,-1.3000916075655724,-1.2179748564802044,0.08230082773148673,1.866404076600907,-1.0842649444767378,-0.5682183601452335,-2.179550768579447,-1.0162899693319019,2.4354124367628107,-1.7367794245338035
1.3739983540022531,0.8008932380747514,-2.004347649071132,0.7698527417815159,-1.8673455976503874,-1.1831339655082926,-0.3251293166621928,-0.4275718220181338,0.01217051996509671,-0.8193427131601871,-0.16778187653855833,0.299645255805759,1.6846086733036654,-1.4247665801707747,0.3292594931513927,0.8985768333563267,0.26361795104147595,-0.7147365284385572,-1.9199911245538033,-0.6212585480981543,0.8400611584645509,-0.11697910408051579,-0.5017032234076961,-0.1994795571071372,-0.8730345147934118,0.7166537960309823,0.024289691345932726,0.848284366708695,0.8689835015403152,0.7181771504128938,0.1278279286399793,0.6087857927439535,1.2056219963167782,1.1845286131042172,-0.27321695542938784,1.0237213613413858,0.08166067194458414,-0.26096710839952925,-0.47997431482213226,0.645640766250999,-0.2653357569607543,0.8702295914253162,1.612844635227886,-0.02367608902531189,1.1467319362773345,0.0520012348941632,0.8098478012105701,0.011629701564249155,-1.7619883354968806,-1.3554575690511061
0.48539942838606814,0.6714535265536631,-1.7105163222180741,-1.07763260721319,-0.8035978651580801,-0.7805016085864929,-0.6770230652825618,-0.9853502515375778,-0.7213403308483716,0.04830946044580999,-0.20327891601515335,-0.339482321326464,-1.2149278842314877,-0.8714699430878015,0.6523472334543892,1.214315023065406,-0.41368807050523243,-0.6866874371666556,-0.13330742023370623,0.3390380705538042,0.6093089950686821,0.9556424026018934,-1.3724904590792102,-0.5396837165672681,-1.0901713023843635,1.2569402629897233,0.7233950055499538,1.1922633153408824,-0.0051732522936425935,-1.6966428419062387,1.632058629889077,0.08002488472714119,1.1567976037793417,-1.2211438813934645,-0.34533358028812233,-0.20523801854571108,0.3034002634534678,0.5877950641991585,1.2672885385900512,0.46662305500677875,-1.4007920295157938,-0.2674263586192516,-0.8654347579196474,1.0605488420062357,0.008753980144535475,0.9957262870180098,0.9466466493549016,0.48130654020099006,0.6320208473856213,0.3640154618402713
0.14484003934764828,2.027924117065941,-0.7474201827629657,0.1537813665439573,-1.1984085625780547,1.7476949879024237,-1.005864898028695,-1.2030383415122394,0.21974742967961505,1.3005513699564302,1.6781282501124262,0.20173889509150128,0.6169620453109106,1.4784079824425909,0.33137935811481006,-2.2078270583897996,-0.46511874189546304,-0.9416037661180929,-2.1003865730199354,-0.4521401260316719,-0.22371766747760685,0.31316694322793504,-0.3935174511261264,1.0495687203546498,1.4126558916517102,-0.4373761965016369,0.3526319502400351,0.9935388153723688,0.09104053965388392,-0.4461539758555749,0.19899386967598445,-1.06872802248799,-1.2101731837622751,-1.9959740469955427,0.03279476857652514,0.9569984188759639,1.059793480730254,0.2714455847255966,-0.9682285107266302,-0.2116074462829867,-2.042703084881489,0.5684290385666099,-0.9951897664021119,-1.6395132662881562,-1.4435038755039467,-1.219920606873782,0.6929013774959489,-0.1580231791039822,1.9116551285743213,-0.9199486687177001
0.842619843915447,-0.3009243038694641,-0.9764154612343763,-0.39908742024896304,0.6295213842899204,1.8371869821669802,-0.9829469980268453,0.6690327433646872,-1.7848282232218833,-0.34312484040499297,1.090935128028605,1.3253979709255168,0.5616800152463362,1.7033233021261827,-0.14887533717303753,-1.2733628036547981,0.920851504045787,1.4847259990039257,-1.9663385041817756,2.043233212525891,-0.16434391830459422,-1.3158654268548866,2.688524330569325,-0.18719143158200208,0.5000479626091912,0.4568296876463662,0.22674577367193094,-0.17660845253494342,-0.7575456732041344,1.6310607324029154,1.8759030678082291,-0.3775536641951963,-0.06802923174805232,-3.027045718763992,0.3311783392115409,0.7289547954216156,-0.9169276458152539,-1.0485814883833466,1.0213647735295206,-1.6659778815142268,0.8517786882705156,0.4571458191412474,-0.1433999379962597,0.9330872104944897,-0.588157877094182,-1.3192284718284786,1.1278568825766564,-0.25320182728978446,-0.845540405242008,0.3723600551175542
-0.5436078157627623,-0.21334940551067166,-1.1490261106011166,-0.005857498112794223,-0.8661285229605838,0.19455641444647742,1.468830361837915,-2.333287377339048,0.28440958867349886,-1.0257912707783445,-1.7564446296717822,0.5037934820228301,-0.572805931639577,0.3976085929613424,-2.1997175779595532,0.5814666578892959,-0.5021927138785017,-0.7079351943706516,0.3205154324172193,-0.4493376850757389,0.621993832386204,-0.02072967943756282,-0.10976677752305021,0.07920205967962421,0.26450705473117664,-2.2055568895575304,1.5132105182700568,-0.027116801723377194,0.2951470040622641,0.34293619887044935,-2.216755134939141,1.4028806752432745,0.1882786190442987,0.22731354438106285,0.7300686247158,1.209444269764284,-0.24928207781420658,-0.4684473774272229,-0.8951669958359119,0.7490304352618525,0.2597311506080543,-0.9699599417779258,-0.6682726015290736,-0.3029326229720711,-0.365650302204967,1.1701875221276337,-0.14739724695242948,-0.2355129641025668,-1.706683908366807,-1.296575502384256
1.0929718962790955,0.2532701496124492,1.989243653807418,0.9173623553891427,0.46780560296681223,-1.6202302842384417,0.25061783329351645,-0.41691557356302467,-0.6362734935286107,0.07054854179255568,-0.3846107929948947,-0.6296366937921443,1.5357178798243356,0.3084952925681037,-0.6088385148965229,-0.9107807981921531,0.9744568718066793,-0.8374438064263166,0.34124342063399055,-3.1373845279953767,-0.45538382362054,-0.3366629047333707,-0.22312096620516364,-1.6176529989761994,-0.011326627982409295,0.32384533359145984,-0.05289137387174661,0.3049633744746401,0.9987045838368589,0.34355431554872046,2.03387780206071,-0.5414419464129464,-1.3685079695636062,0.03647060906655669,1.0470649348916823,1.3326846297644448,0.690309080939519,1.1306922500537255,0.9789386352503349,0.14488526106310984,-1.1642077109281928,-0.11482503898595865,0.8332279854176771,-0.17599282803577906,1.5196378237055674,0.628303269633446,-0.2879527061183259,0.9881257415882897,-1.2194519122563365,0.026587861799443214
-1.0225416038615893,-1.4200880448405286,1.7511310826985007,0.27615544386933916,-0.6458063822065706,-0.5425705274232437,-0.43007175663329644,0.18145638764565653,0.9393398974119083,-2.017819268110738,-0.9921581873978336,-0.3501541129172452,-0.7476554644684404,-0.5369552926380435,-1.3783079700674608,-0.5518744955009535,-0.7729359177273672,-0.8040299893694641,0.9743347006993558,0.49996220907608596,-0.13198375722763916,1.1164367386427752,0.17936692828777787,-0.23993798331559446,0.9859352916565115,0.3143995155614694,-1.0556809747735534,-2.1262087750319334,-0.9718912576223272,0.8979842497725509,-2.374986141609569,-1.7249212477218694,-0.2014704622978994,-0.7900914666439663,-0.729642170281023,1.0004104573085857,-1.3951313497269648,0.7393369661685123,-0.11199625095753736,-0.5187831709648573,-1.412059367854369,-0.02344727436141274,-0.4221316865909251,-0.5372300264436155,-1.9974390851799373,-1.1048891438277835,1.0193278616867805,0.7250622515277223,0.11242381246303128,-1.6916343878859412
0.33814737137287293,-1.8354366554279868,2.5644093006129545,0.15518836020888613,-0.15252555965847903,1.1674188404750194,-1.57919107955978,-1.374960408151906,-1.9731104981532352,-1.4754551209871012,2.971585033284305,-0.9513386268081439,-0.019471857856034957,-0.6766755963679013,-0.37808428586823956,1.384222246644657,-0.2564833626767475,-0.5879039896690804,0.3795461982193883,-1.257141589682178,-0.09180700820422023,-1.1516693368607371,-1.1688159402078004,-0.27188692360299077,0.8846377685983952,0.4256333790453081,-0.5035273478222458,-1.0041808856579402,0.9992462994741322,-1.3647336330448916,1.1330827096108764,1.0891948375339575,0.7775012473493201,0.48915850007999956,-0.01396033922748298,0.39047653536977933,1.1972609655723405,0.5394979823440967,0.03509527087323666,1.3112816075959584,-1.2283031984302124,-0.4341446991742672,-0.20865067447640218,-0.07265471832818472,-0.34691336045475735,1.4777247388288874,-0.6766171337755098,-0.026337955151986146,1.4170701071551468,0.47411352490526315
-1.7068457636127294,1.8067893740382681,0.7764959015413376,-0.12011474539778341,0.8562148793766421,2.153733574877312,0.19286373691063854,0.006962958723733355,0.04251330930585285,1.0864627980909636,-0.49433453134630473,-0.08981425124899091,0.3876284039164592,-0.7179031021596376,2.0541070731169495,0.11649412372303533,-0.8263133447785461,-0.5977179419495308,-0.6737692956141376,0.8227614281599431,-1.5868090067909124,-2.0449949677018764,0.7511965271998907,-1.40303650902349,-0.9048618635791619,1.2163341335947409,-0.1842689143740157,0.7968631231798042,-0.6496967823556096,0.03177687331693078,1.0632231608770388,1.1697636050838904,0.3149032384112141,0.042367299856245294,0.7876060436607856,0.062288185796160356,-1.0778681835498976,-0.32116412284157636,1.9314386274795976,0.8456135794771207,-0.5368642380271037,-1.9943340021323954,-1.3488654303290308,0.19175799280806538,-0.9648888325765435,1.0079547485183271,0.8928262076199089,-0.9084746999235676,0.6797582673492903,-1.759165626656666
0.24644925820667243,-0.5749957425103812,-0.16124854483926318,0.3970185048569813,0.13700375362852815,-0.01587654017253335,-0.49730005518043335,0.6702400189342361,-0.22090964246246048,0.4588155744423823,1.148039783439153,-0.49959689807872315,2.323125973465358,-0.8705499949009655,0.1382254032638885,0.04531787848317029,-0.42619932160283525,0.6064474745601522,-0.8007270741037563,-1.5460960813524092,0.33418889800693513,0.4676753296473533,0.7193961029828434,-0.9129516500284961,-2.0038243514344325,-0.9535624244663815,-0.5746850245483915,0.24711956317741177,0.4302026107284042,0.47487462889338844,-0.37990728255521505,-0.6071567301014147,0.2412647764062737,-0.3025585518269617,-0.5944774830102781,0.1376388123851613,0.2687257236919199,-0.052701552923653285,-0.7602171426181302,1.2099605114014862,1.2014053155917963,-0.5076674696286504,0.3539489996949791,-1.7332515243256488,0.26959244333457244,1.7495283281768956,-0.80168592969356,0.05193351225995267,0.16522372879703473,0.2668058737816187
-1.5679631311420332,-0.4578808567930507,-1.0432606944506182,-1.1786251885581451,-1.9407054539663513,-0.6314451339640044,-0.08589155134215208,-1.824428587309911,0.9405236131283989,-2.1739964299639727,0.09627124904588923,0.7915726949633615,0.6151522383147571,-0.5399224498483253,-0.7191462777533514,-0.24558563201559577,-1.161696868341408,0.3017281127208113,0.8045545067922112,-0.2587807589882732,0.5700068425761986,0.941962064122669,-0.3481451754044482,-0.8731915546892823,-1.1784744370529363,1.3993756067631269,-1.8646170467639205,-1.3026742839495293,-1.388441939508748,1.1328395777254827,-0.33100059407684623,1.6541228552287883,1.4468059348376852,1.2742216233877999,0.45631882907664156,0.36331458808586736,0.17730405045337466,-1.1142480511052832,1.0474505933378844,0.7474280214118656,0.3795417470425501,0.4902765657268032,0.6742460735269588,-0.8016186730045747,0.01818889055795394,-1.209616774785826,-0.5871780695703196,-1.2683965963492212,-1.0116199779371542,0.010417616371061396
-0.23148494496533276,-0.992955765989436,-1.1007662621362087,-0.4215480240071168,-0.5358874674612235,0.30528731624952027,-0.20714875528978338,-0.8872139588563793,-1.580011108812814,0.6176162572229321,0.10883021014479795,-0.4927276042936714,1.731548029132086,-0.6226897679586374,0.888692440655481,-1.5978955187164248,0.4469869723326762,0.4747482540249275,1.4510356487577176,0.3904073771240819,-0.06110336703813276,0.45291035611670444,0.0593338459343979,0.8271931778427842,-0.4948711190288439,-0.9606769119275237,0.5954578634437181,1.2889784981618642,0.17114605416889625,-0.8093987782371116,0.35554808191788234,-0.16608056639079252,-0.754624453299219,1.4399487710621581,1.7441840941250362,-0.9004761864397969,-0.5942962699998996,0.038919996169244825,-0.6791571788021535,-0.7621325550775737,-0.9574023576495471,0.9661047349090071,-1.283684286808295,0.45181241217633134,1.0555918641682653,1.0417104010878755,-0.6994152526629333,1.0971446254728694,-0.752745058527501,0.9323896601902162
-1.7574554500664599,0.14407259666599478,-0.49687394747077945,1.6165760360428338,0.7135950976766335,0.14487860389208415,0.7760553887025036,1.7622624439838281,-0.5487310150649676,-2.3047953524489175,0.4952369490377233,0.7103147110119478,-0.7285626232021755,0.5285374495625704,0.49137292847469527,-1.8805739650283726,1.1823142988352566,-0.6302002898829396,0.7987937110246469,-0.19727020307980925,1.794067199944369,1.3527826505148517,-0.5050384780842198,0.5580268825141992,-0.003242931866004945,-1.6349645595114637,0.79153174818635,0.48978062605894207,1.3107014679088194,0.23423993150935804,0.16988859903547227,-1.2740189913918756,0.7930903777043771,1.0424253677099355,-1.3425106808666223,-0.5942976504351098,0.21636127581201042,0.40457534406424905,0.024934325174674164,-0.25495445083937984,0.97779141646181,1.1451530202481155,1.4495845350957415,-0.12193214611295956,0.9910494819398021,0.09816161611806473,0.8827875868760017,0.3698361028248686,0.06804917785356696,2.372064710548156
-0.639619829898748,0.5911405224356889,1.2805209265964546,0.616122843297705,1.8601483196388267,-0.909335306190533,-0.06863525905283865,-0.6546244214727305,0.711861517361881,-0.44696871184510795,-0.14264349766904588,0.7207301338673991,-1.7454403067835242,0.7708186716940403,-0.08035006910577645,-0.21776624383037324,0.2833586941747288,0.7245143100715694,0.21692478937967954,-1.9469494794719144,-0.17578236916923573,0.9019556877049998,0.6898917314273731,0.6944249499751051,1.503405826863594,2.2059122713587334,-0.7361574160784601,-0.6023534541768537,-0.0782464873219648,0.6662540110578467,0.23923859382476062,-0.30604085775379897,1.0676292403501235,0.5965906808655116,0.7242091668135303,-0.49803181911205374,-0.19223936143166823,0.054811193874937145,-0.12336371907536052,-1.9104456215514756,-1.3912850377990944,0.7137696657494106,-0.9287068326673316,0.10426935197140538,0.7126700603795965,-1.9126166463718894,-0.05988828666439775,1.487926768927942,0.067991283069873,-1.793301855505832
-0.7761669099342856,-0.22861123787340806,0.6664705623391142,-0.9617940267648004,-1.114826144975048,0.5918841737191857,-0.17800141703070854,-0.9660944599288185,0.6128736225984994,0.29949067695871956,0.8329369960595566,-0.43533021606465405,0.8893567851825972,1.6031807544350496,-0.22763125052471447,0.3547387949361023,1.712267844661139,-3.0431348425775924,-0.06899719628240773,-1.4276381734170507,0.578799236784286,-0.9303101315807845,-1.6587787733223005,1.4058215307340083,0.6347693348750394,0.8164382557039144,0.43622380171021335,0.011292028561473547,-1.5827634676954012,3.7157207258795095,1.3140065615768561,0.25434042517813804,-1.3071206716741237,-1.0014653521265928,-0.07222679273901642,-0.5241787976196646,0.8939445066944812,0.21465021150992925,1.941402259802423,-0.20120814641290177,1.6774060528781223,-0.20167882577398108,0.4557635941827981,-0.29891338930648026,1.7956447227623569,-0.8453935967690941,0.5381417312526457,1.0912767444416998,-0.15541103617121246,-0.3614864629353083
0.5547746529879682,0.014704693547373257,0.889500197272317,-1.2285566593492734,-0.22862103608953407,1.3904443077912318,2.3728384785312002,-0.8577185617501863,0.3563341075989208,-1.4284745867245772,0.5598237734837808,1.4264917430963255,-1.628468999686122,-2.448621353629219,-0.1454855832304818,-1.3189447811529775,-1.640100004749808,1.1277021713671858,1.6284169621074962,-0.8504180422575964,0.5325981282382302,0.9305249943468247,-0.22225099823373975,-0.3213945905058415,0.6854446686074664,0.7634749054458589,-0.3156719725680242,0.06683173560557905,1.6313664398682597,1.5898678380754339,0.22927497679137593,0.5624711025017477,-1.9906878449553178,-0.24832651639744657,-1.001183376194071,-0.28152978216265606,-1.3452445667696362,-2.4046488464871993,1.2721946283900223,-1.7779557837583597,-0.25048201860034863,-0.3457511833601895,0.17365547883901747,1.218244751851591,-1.0816867457235833,0.7387407406003847,2.3760438531961663,0.4591721999706299,-1.8460075801877043,-0.6614100457043919
-0.5821221300857055,0.9513929149287351,-0.18712142773661072,-0.9593302535892922,-0.08158987985488388,0.013120427285450733,1.08720419757735,-0.4343193995799055,0.28857030726887867,1.2674974840329065,-1.6850959457075096,0.02692430532790239,-1.3422103638945684,0.49511968189925337,-0.07142002557529518,-1.8077800971566158,-0.7515520739457554,0.19984638334337507,-2.4916869814223137,1.6244690929778614,0.7846790578501978,-0.5887766408389629,0.623421655165673,1.1830569101512636,0.8104782995704554,0.6312169566405482,-0.29538676478110953,-0.2978692712660267,-0.8219208193309483,-2.370586634320744,-2.0642553710307032,0.3851385267306814,0.9605748050771548,-0.044405573289462263,0.2633128880695579,-0.05550256863302497,1.2976918387871879,0.2864570046283819,0.07537690103817696,0.11222938158481839,1.4323838253979944,-0.580760636834414,-0.8744202330377852,0.0019808855970460866,-0.49253377546894156,0.7671694441735127,-0.9941079014333399,-0.46500956309813857,0.2516905448008607,-0.6811297799032334
-0.7685951018725488,-0.010768077013792786,-1.5536363429259088,0.5801568565632989,-0.7325664873621737,0.6257502005598977,0.13001823130187154,0.18591988625316427,-1.6685417140276166,1.2145057899453102,-0.5556123125840335,-0.652818422046043,0.6107702022383281,-0.3184684782892667,0.6195302446489065,1.2755091369191027,0.5246444026911805,-0.40510218628837824,0.9929091009688097,-0.12663816139865408,0.4177120868164,1.1050875580454036,1.687336438344495,-0.26573467360159947,-0.13042576701041392,-0.20871165518710746,0.6041187405623694,-0.18283323230077414,-0.9805033491518534,0.01722741286437547,0.41627418952243006,1.236179154524815,-0.2507159131334738,0.14958578345487955,-0.0494673636566712,-0.7947986860512509,-0.25282886652215913,-0.32726917864684735,0.13427422832105296,0.15435442317656037,-1.0167836238111654,0.9387662163629229,-0.5521893001813184,-0.0793336611752511,0.9645973930051837,-1.4745555418873453,1.3271896472967766,-0.11747298759427695,-0.23355734774701153,-1.2893696706804338
1.2215156878147562,-0.5613434721770045,0.3264026717795808,0.43315896458261294,-1.3826328230557627,0.2520850331973359,-0.7311979966279684,-0.7036672669154114,0.8510621971785377,-0.6748559310427698,-0.5233531233105951,0.07439935119185546,-0.05577662666864152,-0.26639060255029895,0.1276566762468754,0.5069983511191697,0.633379288392583,0.4755274992456119,-0.1676952819530069,1.2756020274780469,-0.19128058046414562,0.9928819076323391,-0.9085015015081173,1.1561798684419542,-1.0740831668591047,1.0086778109007977,0.4181149050716648,-0.14829017353312945,-0.6155044171562626,0.19108207376291556,-0.32273060276782967,0.23093200472997322,2.3952013252532147,1.1179133820387182,-1.0237631551401627,-2.234324998187083,-0.7417810063157994,-1.2615211332815341,0.08171488378349698,-0.6182872413911498,-0.030430281962127805,-0.6034704948393637,0.9489998579575047,0.6901124726973302,-0.583063862376813,0.01268182459933477,0.623759647909966,-1.1910523670306556,-1.584037012922344,0.48436709312930815
1.6691704096720725,-0.06061008144650883,-0.2146119720644967,-0.5685823031411192,1.8387966003440583,0.4615660938108507,1.1791296835530756,0.20171959916754592,0.2157760634500826,1.1210219098824497,-0.5061043263337611,-0.9909625184719816,0.8470192816596599,-1.6417041099382457,-0.6273766456979837,0.4820948716896724,0.32699671904924044,-1.2231220839365247,-1.127101179643191,0.17949617671582072,0.5633532491604959,-0.04978804014570135,-1.1186220963598579,-1.2530460240950538,-0.8975432547059047,1.43596770416362,-0.5836406691379964,0.660093459318623,-0.9955644032630494,0.8181622179026522,0.842913529277499,0.5167751579491775,0.31863436355217056,-1.4194705124407005,0.019875783899829375,2.0175232204743945,-1.062949242669734,-0.30143586009848916,-1.3783153381347306,-0.02324651599362482,-0.5103956376172399,0.20351368836874364,-0.06589481194424875,2.296230977785634,-1.2492405101132025,-1.8640522399620862,0.015415591431092538,-0.19956180865803264,-1.7379897681144898,0.22344327705041056
1.093480384210248,-0.8423263460479966,-0.30395830714933225,-0.3686843408989345,1.478334459417218,-0.21362309040986008,-0.9326495561927671,0.7019527472754584,-1.8147070852968765,0.19654977656002012,1.0652848852198453,0.6509932795695043,1.433174741267751,-0.0328780548058861,0.8343714939378969,0.917096497774865,1.7456849921151656,-0.6327135545882763,0.8366620404007477,-0.4941738793736189,0.25352234081320385,1.06793715834658,-0.10821101006532666,-0.6042029608436973,-1.3572306323636876,-1.5616890521694595,-0.7318938324047731,0.9996544363106862,0.1972338038891148,-0.6992281061440976,-0.8749385485152658,1.025579137519401,-0.027535033410561082,-1.355619064684228,0.5844478308715606,-0.8164734020870856,1.0799156392379694,0.18995055217520632,-1.6840708820468981,-1.6180367029769749,0.3408719560546756,0.92823300523863,-0.16245267962003043,0.5446518325703704,0.35000252106421764,0.8852981289728163,-1.181220990277439,1.163263081601027,0.16452485687835258,0.5110003952973782
-1.4912425051414508,0.10188808363953054,2.184173228392278,0.9782280695256063,-1.4067867166078127,1.1978760579136116,-0.04806417322764977,0.3361815122201152,-0.1734513301521087,0.6501131886672643,1.4870270343743406,-0.89516798811002,0.912744882660601,-0.7760071054906917,-0.6984039483116286,0.5547435704233181,1.6753895664433776,0.10917161767972629,-0.9802786464834489,1.127593466169072,0.2435221401680395,-0.26789752219087487,-0.05751923552857531,0.9134159607661714,-1.2926978061848806,-1.143026361054062,0.5433130211431995,0.5521094624760144,0.3331692811796973,0.9964515296663964,-0.2505702137892256,-0.16631357885009054,-1.730918038637428,-0.06004596000457284,-0.1975278240587649,1.0220611715142087,-1.538575671624383,-0.9554360168338752,-0.1871463282475143,0.3791811522333948,-0.9703346652702856,0.3590904622407042,0.9286168312470809,1.1596204455611365,0.8144417092895,0.49243026484509994,2.8454650865604902,0.1678958930669996,-0.9014503846690934,1.807992778415146
1.276653082595257,-0.8979257841483491,0.8696912832185534,-0.3070736099660176,-1.8839721321278544,0.23180313344191159,0.8525857485209763,0.74982570129541,0.9537677612719974,0.6710041879019936,-0.9218009492870657,1.2929929350094682,0.382329981106898,0.3557594282479285,1.3092404821887147,-1.0555026816010542,-1.4593043614019023,-1.5625565841360949,0.34400598822978373,-1.1469495485843892,0.719590249915119,1.0110055990823381,0.7580422519154147,1.6574563478728455,-1.5172073063294957,-0.7225965932605112,-0.9990700016772234,1.74588497893553,-0.3611043838785491,-0.69274535356833,-1.5378837217471535,-0.7915670794404034,-0.8093974457819597,-1.470907592060168,1.7974935472242592,-0.6176476747855909,0.13796517763314825,0.021324203608894924,-0.20527803543821338,1.902250480506439,-1.2247923669312484,0.1867573380515382,0.38070129163688765,-0.8257202306995371,-0.5166661268242083,1.7470740086808154,-1.6585747153979244,0.16152201287399953,-1.8311462282310138,-1.7026149603312177
-1.2285375707397037,1.3939254452766743,-0.2284062036873213,-0.05840927984516585,-0.2773662276072785,-0.5028414519507383,-0.41131211532592843,-0.8008823351885528,0.7037875844778164,-1.284157765132228,0.5414354657025845,-2.0742065856961966,0.5520186136286346,-1.1128091841928602,-0.9801776268883637,1.2501550555845542,-0.41740425286792093,-0.040245432814847035,0.18553456117757292,1.4810185970860084,0.7727329802351132,-2.306434550190357,-0.1143881070136931,-0.038877583834506034,0.8591760307437994,0.5258316342569128,-0.7042872251461787,0.6204840142988187,0.8223250563031547,-0.10348304683869666,-1.483533812217346,-0.28215227962552797,-1.3786998656373401,1.1167059638451509,1.5628134299030654,0.4997156462390505,-0.5961696848601207,-1.1788341728464584,-0.7264854068327438,0.601874266947382,-0.9497001139058723,-0.4198454397448308,-0.23621945366832292,0.0737480248594511,-2.6922644029603386,-0.2619992855836266,-0.7646915437623139,-0.43424466480724344,-0.09696401623626452,0.2874487588506456
-0.07195102198180679,-2.4865239043809617,-1.903446419523319,0.35253374715867875,0.4304278051912534,0.6304571304870613,-0.36720982390869805,-0.12274139306401129,-0.6312849504025768,-2.0261095827895304,-1.1697679260298328,-1.1124601222936228,0.14482665183811846,3.4459919781997876,0.7479851027455441,-1.2773600534068803,-1.434033370672623,-0.036329929718729774,0.1411996129952742,0.9161912124584016,-0.008522864276226939,-1.0513922791383148,-0.5740182834295592,-0.33129145218408373,-1.2146175337764709,-2.3441435889684485,1.383111960058296,0.3226237621576247,0.44579358311539014,0.6038660643187141,-1.7447381269926998,-1.3333659056998157,2.8487440332963416,-0.1681466097544687,-0.7512624651913558,-0.13684747912256573,-0.7685131982263428,-1.0816752969499974,-0.892317444171541,1.7323497004047352,1.7658881550296766,-1.1659802678585047,0.19056124286966214,-0.4932160450588239,-1.0969546406811148,0.49975457871294104,1.1259195722693636,1.3247523815679974,0.4923634545552763,-0.2691141550085026
0.7344582033127353,0.4012941358106784,-0.28664147072375606,-0.1823276305088935,-0.12878666805470665,0.9572975257809242,0.44030914140307614,0.6642885915013561,0.9075917682098541,2.205326064370825,-0.5570803766876207,-0.33834589246000457,1.7083922857252716,-0.7820988670079896,1.2577966206808064,-0.47858832072027935,-1.0307739723063745,-0.27892558149190927,-1.8520974027794184,0.33513101710474824,-0.3890691549817514,0.14755742455188975,1.8899392452638575,0.6260668408218142,0.6190553806637518,-0.1574294805394476,0.16030420323193556,0.840445369361455,-1.279140945526024,-0.6080449833594642,0.024235678372867615,0.049697012985321316,-1.2796302803049957,-2.69280124922705,1.3784108269288933,0.6013748051028676,-0.16074859865845026,1.8141460993570304,-0.05266103122110967,-0.14686955337995028,0.24016091130528783,-0.27673782583942463,-1.331936969543013,0.8946983235218107,-1.25547507523776,-0.6888987687008056,-1.5538692755618564,0.5267629616544024,1.0290390567829966,-0.3795247213615162
-0.21388708039002527,-0.4880272229609089,0.9903889201001861,-0.7350264044028009,1.1292645954138028,-0.07448286314166074,0.13947113263085203,0.05495788323478828,-0.39696332573364573,0.23138992991116691,0.29846554362812555,-0.7006975199707138,0.052389382452091945,-0.28220331133204374,1.2221833523777994,0.3335956212340459,0.24825639414719936,-1.293129449379392,0.16242001809868628,0.5746753284744304,1.3282333541276916,-0.5106596697282269,-0.3291530399914637,-0.1206435846018512,2.3453799306792495,-1.4508508082859828,-0.4437888590981427,-0.13571156402088888,0.6596177306487556,0.08486612051999158,-2.7416138801518235,0.5037975318251371,0.6213930952275464,-0.23847909081459154,1.2614684767111704,-1.8489623740964942,0.0587806858326671,0.774055477159116,1.7837820004819862,-0.2728682414275878,1.0285767102377952,-0.8562578326980832,0.2609002042028768,0.14419626296665647,-0.6372107776897248,-0.9825799684727126,0.44020123252254634,-0.8503478443841542,-0.9926935584258836,-0.6943815437016027
-0.15039280361781546,1.9871488081498,0.3728209927142495,-0.41294127515640955,-0.24652849301114668,-2.678164410820933,-0.24925261200885823,0.21269503384138724,0.38195896545347113,0.3756422601848065,-0.18892278911451502,1.3469451713245582,0.8071438319356439,-1.228766191311558,-0.11216084270052237,0.28099846915116444,0.35140777396714473,1.1668008061452642,-0.49317896283124385,0.20361966188663164,0.053012552262221915,-2.66795823659219,0.8808778431813633,0.013625698384496392,-0.1980279124851707,-0.34519170047305553,-1.1778913622190224,0.7323060877144312,-1.2989964253987762,1.5779901987474942,1.2545086927393836,-1.0471278347710737,1.3414942424408578,0.21141113251488688,-0.647407029764523,0.2376772147980511,-0.3690253924599555,-1.5793249754481387,-0.35100706984000934,1.1474896119506388,-0.7622614878741522,0.1394243053727224,2.190675059669948,0.6419866922062156,-0.3909161519273418,0.9807004960466097,-1.5665724775685055,0.2884781020059164,-0.03475149500383639,-0.19354272378951456
0.1253824262305525,-0.2344634306873094,0.27210736801551677,-1.081000435198684,-1.1655478157906602,1.636164386587317,-0.20937403494184242,0.050860679720087384,0.9285327011426525,-1.1929685182981011,-0.6804502031227637,-0.060425971926004775,-0.9401162801925131,-0.32517299656380105,0.6922001429342236,0.589335500714839,-0.7804516949355746,-1.4853740471126593,-0.70378506653743,-0.4470411920215872,-0.37626515796566834,-0.835230624377586,0.7444163376592737,0.2522134844468595,-0.1840076710763378,-1.6069904734033484,0.7173104123425992,2.0051720780525426,-0.08377933183367343,-0.46365374370561213,-0.6506211975530959,-0.8694705042016324,-0.3238117221113343,-0.7712505980931201,1.5688901797481196,-0.14930939641553606,-0.7476747570793594,-0.2376489075546133,1.1273350100927977,0.5053996700623726,-0.11136038635232035,0.03152455293742353,-0.22355073914796975,2.6817748498775082,0.9944219720464087,0.9233164796629025,0.4531511621404119,1.107590125046407,1.129816783783708,0.9368939918148931
0.4278580221065228,0.481837360399392,1.045093639128089,0.4693126160076739,1.519882292950407,-0.7506305486363835,0.25089922580312235,0.18291685066956445,0.39057608876816935,1.132549841810083,-1.2574485417367942,0.354804415624792,0.03924223684726488,2.134254605408291,-2.1376414998551274,0.8765920793891916,0.3016004448677412,-1.4771204103198117,-1.1836207063485376,-0.3435259275554195,-0.9462383468782032,1.613958585793468,-0.4397427075878094,1.0895061399478028,0.8387375277559831,1.1704520531664337,-0.553795211581469,-0.20808861287371294,-0.27347447668445424,-1.1585270058969916,0.014669756211989538,-1.1084187008424273,0.14438347086705589,-1.265809656792095,1.665757903528848,1.3873345891717501,0.7290493010526783,0.13115627631198615,-0.24638911188302895,0.8010374749874334,-0.0920825726280635,-0.33652133756092034,-0.5582281733373478,-0.6579192053705668,-1.4230196632892038,0.3306872852671989,2.17671216889158,-0.26044028389199714,-1.4889312862228314,-0.8220710996193479
0.4113506790732573,0.386893969204339,-0.1690099872148245,1.3320401225175387,-0.2340267438126366,-0.34914390762377595,0.4667286674139219,-0.02467292837182334,-0.6527025487471615,1.8394767949516484,-0.31176653668681975,0.7073695573311555,-1.9976273281840888,-0.3868920829313429,0.4442359840402336,-0.809672330735992,-0.7278354281762073,-0.5826403562668901,-1.1386981820339033,-0.6038357964708096,0.2699894833094695,-1.2087788900723822,1.6624363583757344,-1.0655659001662088,-0.01450754598850223,-0.27603510161054673,0.09688158124604467,1.03446706476585,-0.7988632781691223,0.7236856409779319,1.1981015491188296,-0.04044595825484677,-1.0818527839307632,0.013026188747016441,0.6261831083164955,-0.33132120445468294,0.661118609918134,-0.30746645676534384,0.30951741199784355,-0.13526129156241898,-0.2756738445228374,0.5799360734367063,1.3748590309662132,0.5532686550087381,-0.6110093376578883,0.4566625275581426,0.1983127294077403,0.040226058810836386,1.1420899939490896,-0.3102465811749783
-1.726361253866636,0.24767240933677726,-0.34580202521675923,0.2442626358690967,-0.28397358703892706,1.6186307397949737,1.2942618159530432,-1.0993909982109151,0.8199823668145677,1.5278701045484024,0.05249804576916535,0.15287795135706436,0.13872960168304665,0.6102038578190491,-0.10928687435789829,-1.287426287782822,0.24941386888376912,1.5493037909122596,-0.8456034685308697,1.238672518472221,0.3871505873245007,0.1669380411600694,-1.1557986467489323,-0.4412548088300281,-0.7638332316053561,-0.19470586199609582,1.1901242829546885,0.024837182346865206,1.12619804153917,-0.7845406611832841,0.3012190566837096,1.4165747755072318,-0.005977342073460835,1.2238854856430033,0.8921243622772475,-0.3880606700477306,1.6488193608194293,1.0952089417744975,2.1738783669625485,-0.047630325325921,-0.1386885921917353,1.4546225333910239,0.8344798497089392,-1.0289145110427174,-0.7388167439664581,0.3169418401793604,0.4812076719621575,-0.34725716218724767,1.8231915101869975,0.42116032139350973
-0.17564823405989435,0.5181198353506543,-0.2539661336689666,0.8127292261938402,-0.26315828412099557,-1.898039888502157,-0.41923227934038676,0.1739993310724785,1.4774300857833171,-2.023627022757759,0.5622338124649996,0.961010037635776,-1.4882767661397118,-0.9397797751359145,0.5998246557824423,-1.1677330889519928,0.11314525552215132,0.10688293076497023,1.2469904080750365,0.599492053306319,-1.1380526011713032,-0.4938986452237335,-0.9377387387802482,0.6003196464119837,-1.4195383423509074,1.4920951940424252,-0.2195155879130026,-0.7478933787606373,0.025803207837453365,-0.2684000255202661,0.421688779118986,-0.6326938714512333,-0.36100568408918143,-0.4794622223560817,-1.0126150962711307,-1.8389529244898641,-0.9887464098809488,2.258791556149922,0.2949416649486722,0.2501026804495156,0.295846382533286,0.05550954286487234,1.4182577847875828,-0.7307907051696798,1.4290716406028128,0.40914692653031265,0.7265324260180143,1.2857179915121144,-0.7378729488375516,0.45265640736905927
0.28683852320497455,1.9974137338840903,0.734512927460703,-0.6511350249343286,0.05600430375821818,-1.106544360431104,1.3166594512835588,-0.45536672234927955,-0.9291964337926326,-1.0405079986332928,-0.8758168233625305,0.4397162268721317,-0.13287438442830843,1.5383635880159878,0.10875907368838125,0.5744831370391384,-0.28401258069641117,0.259566728752779,0.695165011889778,-0.10873375759626579,-1.3483544895345732,0.018316001759145762,1.1671217990448064,-2.1437579002780143,0.09331186949130425,-0.8648148970707582,1.0311492547114471,1.1336902950401975,0.5185670970969573,0.5077992658240374,-0.6366102028341688,-0.6285581941891494,-0.7533445382033774,1.1103089886686253,1.8641181379325478,0.16423413128173547,-1.0081245202202065,-0.5790156059301986,-0.6483986179285224,0.043554364932139565,-0.7924100177580565,0.5410301644770467,0.5924030213212615,1.106920293361613,-1.4915846959200203,0.18934179703758244,-0.7958980289025441,0.11874164483321725,-0.1352859924978652,1.7483815650592607
0.590740011639347,0.9275088236806717,-0.26934813096432286,-0.14030877626356777,-2.3186618896667923,-0.7494507087513926,-1.4652163568428793,1.435778861801536,-0.18219433318598494,0.09779160179052,0.5867559627909021,0.6982138041893214,-0.24011687428364878,0.4683515981660992,1.294796898616775,-0.46275427640096917,-0.9600924629753838,-0.21598870188729588,0.2748324803080401,-1.1388569647528912,0.18419711953861412,-0.17736494769692115,-1.5574582394419894,1.2954431536829947,-0.42715050303287727,-1.5465606046208158,-1.146095043689991,0.459163784267842,-0.045195276933462,0.46133100390163756,-1.2942583927076443,-0.025326160634408047,0.596977086486986,1.401203551904915,-0.5936631914961996,0.6189059741673272,-0.8152057486375064,0.8447331135149927,-1.7065296220843182,0.79144564883068,0.7702839637999825,-1.0261005823410165,0.40967070667534794,-0.0832283687795578,-1.5457284094099966,-1.3194093871980985,-0.9604183445522501,2.62951179316163,-3.845320169460037,-0.3000615355399941
-0.31736028416263,0.19642414887757992,0.7603011424390613,-0.13611215659361006,0.6832971320177769,-1.3128813701278923,-0.6450865698934426,-0.5295901696128764,1.003658471674398,0.6968407993856928,-1.1638395708715734,-1.486007464354874,0.9720192775917511,-0.7166330276988502,-0.17065075565805463,0.41291212862803445,-0.46532506009253105,0.27084741165108894,1.7164852726498192,0.3198553385583533,-0.8188996553310065,-0.13591423814175618,0.6373571988841722,-0.6485997010131593,0.3923674680100235,-0.6193647512070465,-1.7629072985395031,-0.3168103685015304,-0.8843054323511028,1.1794495855640463,0.6415732519823266,-0.9754763357130308,-0.8327393706860088,-1.2640626274509352,-0.36055861932993144,-0.2345937043964212,-1.147364722629158,1.1182915951115178,-0.5130881923020244,-0.3679481822908325,1.7952032108663003,-0.10000282710879066,0.6888559280323271,0.35299361684501424,1.0395562511871081,-2.001210009540314,-0.5312849437462288,-1.977245798246165,-1.9828850069055561,-0.17653271752733393
-0.7026516404341724,1.7902662189874372,-1.2281836193586013,-1.4306406250992105,0.721231898711608,1.103288323964749,-1.3529018495034582,0.15215139607186118,-0.851991888128706,-0.5438885166101002,-0.54611202207988,-1.1263217340708849,-0.6422314508847442,0.23043894486201585,0.7337395186960737,1.182981610741524,0.49114620412284826,0.6331892474038922,1.6120811973651212,-1.006548134029197,1.3486152999830716,-0.12250815516979592,0.1974495154665885,-1.0443624730897596,0.28201383823658344,-0.6527219224653501,0.3272499697453383,1.7615918543276687,0.581194816879208,-0.6793963334141705,-0.20300577965444044,1.01497226020659,-1.5450246757183386,0.8656131523374896,0.5115707752890217,-0.5833119105997485,1.984131937168784,0.4061520759372391,0.9978672714218219,-0.9201854369889791,-0.06044908915552843,0.030973032451775535,-0.8558915355461506,-0.7163339721167721,0.03414736071281039,-1.3181520497151222,0.356689095181364,-0.04592377752254447,1.3018956069240413,-1.7820237727332282
-1.3675878015959808,0.5831977491899595,-1.2710650213820214,0.08889294253109002,0.6292451908108684,1.2644961336434901,0.30944156174369036,-1.97326132409618,-1.7193758029631798,-0.8585493019440226,0.4503771698685809,-2.226407485986603,-0.6641784431474947,-0.38686369131376985,-0.10595608161921613,-0.6717339768759383,-0.4941818438770648,0.7074693315146342,0.9029607681008293,-0.8516120428299776,-1.1071994040730069,-2.1769935894249377,0.7394733207627056,0.16757633723825055,1.2980283958199177,0.3503566144085862,1.1903783849779628,-1.8565818582663394,-0.7968534233270803,-0.3186115699662488,-3.8484026999527356e-5,-0.30190730665809185,0.8229902373511722,-0.10798056494520632,0.10314181768401573,0.3603320770105473,-2.509542894578587,0.47034899560150156,-0.4654060947777884,1.4795855372078044,0.519887436771034,0.4584116543410456,0.2691243011914551,-0.13008649246100604,-0.5824924529492912,1.2465489558354979,-1.0722185932598665,0.8905161516354416,-2.910564290004695,1.3120154747909072
-0.7288072489198324,0.6503335991016561,0.12738360830644302,0.4792372589690123,-0.41112562017654075,0.5008761311005229,0.42086138072343404,-0.6588787607011944,-0.4946990353047706,0.2297859363358433,-0.6925154741851691,-0.2532728637439235,-1.9730137108249781,0.50870846650783,0.655762571951209,0.924698947331539,-0.3255077916075735,1.3706814683920132,-1.1834419862418097,2.0387860446993864,-1.5489031145031127,5.59584625123736e-4,0.7814358923201923,2.2337774135915316,0.6002188392050423,-0.31578187266274216,-0.5263484014407476,-0.06285536597622342,0.8495509491344659,-0.6580192938645024,-0.8245946417947355,1.1310543674244962,0.201997905093491,0.24576190325574038,1.6830840817010273,-1.1963427433008953,-1.4118043450584077,1.2261804572095585,0.8153565449713445,-0.7378562051922001,0.21047333120439654,0.3845934755921944,0.4403118918299221,-0.987757040660953,-0.7213677439142439,-1.1197829135466917,-0.07574799596851967,-0.2577318349411213,0.09794017358317537,0.7308403433068232
-0.12152492564292167,1.2450301486185031,0.7603831579880271,0.6834064555388025,0.09930842688086647,-0.4394058257268495,-1.366025418585391,-0.8284526488827371,1.0664897774583302,-0.9426431516075277,-0.7795961089653317,1.4317564961980989,0.6203817007502901,-0.8093965973446616,-1.2312660933692938,-0.6448925159282499,-1.0697606819584338,-0.7780561340776293,1.4330800239093662,-1.3959822235843748,-0.06984794011039587,0.12835196484847003,-0.6655509189856059,-0.6722819329648441,1.1364112924504248,-1.4111931251973522,-0.2551339940767839,-0.2084251076332098,2.4170706111630915,-0.16261598027562785,-0.5567094004343321,0.6394515781253842,-1.6228482865678875,1.7551962566613288,-0.7348667056412522,0.3147243901713509,-0.7593339686088406,0.1209337455385376,-0.2404036548314882,0.2883442729673242,-0.03683966376415006,0.17395259031235408,1.8666015285044553,0.5934456868267436,-2.5848955144365253,0.6001130971565573,0.7995912083189866,2.0668446797805404,-1.0779604859126966,0.9923337391468516
-0.6352060488731921,0.16110662601996809,-0.4076529160222047,1.3156540407747002,-1.4349126716444949,-0.4236799756121373,0.04786447215678736,1.2317035430670877,-1.3618476327434597,2.043504302104353,-0.04733265992056398,-0.978402832216023,1.0886716182506475,0.46321585968337237,0.6065695140391659,0.6168138848999034,-0.43411479682279264,-0.15811354489740634,-0.2021266354843777,-0.8829949974024908,0.46800509042151583,0.41233668758462805,-0.6844223094029865,-1.4946163190450743,0.0696744125654669,-0.1839800509144438,0.92610990072109,-0.1308346351129206,0.34317030974390716,1.9893491197331277,-2.291427502762763,0.7949587847163432,-0.7038228776304966,0.9804950748102368,-0.5377569880886994,1.0123873950143967,-0.23963416313069352,-1.978264329255182,-1.4024513236135188,-1.8608098500140353,0.4479060578544754,0.39149195829369426,0.8571320903153972,-0.915272823520527,0.27122917325566226,0.7982217590960707,-0.5480708829617712,-0.011132608724748697,-0.23321266308550415,-0.9995000540250234
0.5947026881205781,0.7254906914576388,-0.5774213449180433,-1.4726494367774996,0.35978035427046373,-0.568073072207334,-0.9138662742098204,-0.15108595093519697,-0.24830383060075967,-1.8254953998998376,0.03543456559178004,0.31506322224832056,-0.22607723894763487,1.5831783610040255,-0.38959045623188804,0.03407459810392069,-0.02485664380121675,0.41353866320761506,-0.2426712979175032,-0.5808061299002273,0.1568811457497391,1.3672391729264761,0.8142956135796375,-0.13316009846425086,0.815918700985696,0.5965465819834463,-0.45461104078935927,0.12122211918923301,0.6747474902850386,-0.06105194109695864,-1.6523697768090824,-1.4791374554966783,0.8512460998955732,-0.4824571248753912,0.26326519229568107,-0.16440700483807655,-0.14794501066046967,0.4472485753837452,-1.8960964507653855,-0.6437019236402571,-0.057344227389927685,-0.886524893523497,1.6366827702831965,-0.3192840162583702,-0.14199295130793302,0.18388078766322952,-0.056812426712889594,-1.0342907032772102,-0.6185892262334881,1.5237078909786053
0.3675012308977593,-0.27448021813226836,-2.8393761669088944,0.6176514590206077,-0.8170553570547887,-0.5247063662818277,0.4938428550942171,0.1449562746565092,0.9619300781486294,0.5087922074001137,0.9344819587375509,0.4409561641869741,1.480237939513344,1.262761627968408,0.3948150201310416,-0.8504394479875429,-0.7291088454614248,0.8250757253285773,0.2375401195956621,-0.5957556867651378,-0.1208596372847923,0.03676014019884592,0.8883840263337534,1.1702337838656214,-0.2473147844176987,-1.3434200966492968,-1.1202215180251667,1.8617363450943818,0.4372136524277631,-0.02780998391825873,-1.5712507016398336,-1.6806807188763382,-0.9975123017693543,-1.5008317349322933,0.5635870783083897,-0.38829152370944847,1.0148114849663632,-1.2877657257892652,-1.010235530027805,2.4213801144499634,-0.8694346111503504,0.19093208579614548,0.05868330544155826,-0.43134785692501004,1.1039173115499865,0.3238029725769363,0.17473899538215618,-0.4397213310136047,-0.19104296644681085,-0.693509176823944
-1.608738434686273,0.1248360653961462,0.37432087422096266,0.7170740728326012,1.316892924858621,0.482825593869976,-1.5549138394119406,0.3002969120490292,0.046927454271828935,-1.996327206730165,-0.23338602025571487,0.2385263992904804,-0.40975605544159155,0.30499251278501854,-0.875318548777549,0.9478503717301358,-0.3827123393285203,-0.33302224877666614,0.06293771554230122,-1.1255253819928406,0.37880082532674353,0.27077189599186663,-1.1136717334865711,-0.2771102878991645,-0.1536369066886393,1.0009751541879461,-0.8257648546616547,-2.075497046124314,1.2509500338970894,0.5115258933011217,-0.18030512460142184,0.058975474915192144,0.7748947949328784,0.36311390999948684,2.92890073765466,-0.3491469391381519,1.2807926944146741,-0.6121717467073899,0.007415353598662146,0.09147241625079862,-0.08891015221864572,-1.6275881622390582,-0.8412861861419072,0.15520118679339376,-0.47609565851877744,0.6504944245412745,-1.6111095107177853,-0.22602647387294678,-0.149035334193069,1.5082634107693524
0.31733184479832877,0.03964262732745894,-0.9028549787428151,-0.21002580802477658,-0.9258235679908005,0.9092633653927553,0.8647173158228757,-0.5311114792646582,0.566919054335015,-0.49432291718791577,-1.7007880829997502,-0.28422261444224695,-1.002322041983979,0.33367663481421483,0.5416409121258398,0.7226043986672261,-1.1006941203444873,0.6507739654103993,-0.49388005355489506,-0.18772548879335166,-0.7683856439437066,-1.42765630977467,-1.2318916943155334,0.5997356446699662,0.07468094169161212,0.7075300816803606,-0.17299363420096486,1.0372007453395793,-1.249182449059934,-1.2167533832735484,-1.0663996645226654,-0.3583040195326213,-0.3274745973472363,0.5275726615036732,-1.3000266808855783,0.4859236680628092,-1.0415410700982823,-0.2395182735131017,-0.49676568721213554,0.8164411126015798,1.216967448897345,0.9100263534205635,-0.8141553138563556,-0.40294480146141964,1.0090495074194228,1.5829795423746105,-0.16580124695936924,0.10643425970045862,0.43464760146585046,-0.03908173402979999
0.5417046582179432,-0.6397330375322896,0.40257490618306696,0.6024593327486247,-2.0590853829354625,-0.4565776870187551,-0.044407932368368985,0.3007151416840489,1.623980160049019,1.4843372841576186,-0.6558380988135891,-0.6181440426235484,0.2291453992737467,0.4215030089386717,2.99152532733133,-0.868606252322955,0.7491647572404536,-0.5484526829374633,0.6848694750415584,-1.038042043151096,0.22699193344280702,0.09957468092566683,-1.074659820989316,1.1566090650977616,-1.110263617196291,1.500480619765268,-1.5488165111562777,-0.7603407004425099,-0.9565868225412864,0.9536010270801627,0.3890905322970117,-0.33924985425409215,-1.4179570408235085,1.2135744126533836,1.1167486881705393,-1.2729485042131785,0.22509645964207312,-2.122112100456752,-0.7872637348151614,0.5431431823345878,0.5699332068546609,0.6840472172637314,-1.2889926862596706,-1.2951332533975606,0.2524557851208048,-0.0019531236545189121,-1.2049237398572756,0.16142525820076148,-0.29491292409478176,0.5779065741283322
-0.2613269899145132,2.0346532189298565,1.4272117229533985,-1.4145324747416996,0.17265918396297056,0.3189903989668572,-1.0359426937414666,1.5066240405198177,0.9007712114551538,1.1217685743214383,-0.6304704683475818,-0.6367679606045776,0.6862845394944931,0.8983797556426474,1.5405205064858674,0.0377018047450394,2.209775177910021,-0.34147645266846743,-0.48204249043091035,1.342460546573637,-0.8336872667722981,-1.5554518783576585,-0.014779060289433564,-1.7138368397567545,-1.2055844847250918,-0.3278589204500548,0.8087530437659213,0.9421716809373157,0.07391983381649765,-0.05836404519018471,0.03523359867486606,-0.10219791300328282,0.4708003621994563,1.429398333459556,0.8895792749585165,-0.8423512474540871,-1.6880040103167673,-0.18359503905066385,0.08964062704841805,-1.4197071807972428,0.3953798912226261,-0.04951998360817256,-1.7962398193923148,0.2800991486601904,0.7410500158800752,-0.3088217870274777,-0.25417479899038126,1.4887659083237013,1.1008200301947053,0.14794485291940335
-0.026495761966364238,-0.5588975993888364,-0.49591904592732877,0.21439467394076758,-1.6305561326458535,-2.3857927508948733,-0.0829221120128502,0.6169927099568016,0.5911906514726211,-1.399860648099921,-0.9323275893039767,0.01745324715965509,-1.4935203726422406,0.3859271468616211,0.9803787949047761,2.5223980704282223,-0.42523022892003487,1.012143766251495,-0.564795167351673,0.12351292528639232,-0.8043948547259816,1.9984893050234038,-0.02106036388656983,0.6000739753445662,-0.2906612245653773,0.4226084509659594,0.5739941043391888,-0.4474088191382142,-0.059734545190857934,-0.7049461720784524,-0.4984545154458114,1.600584139312735,-2.488903613905874,0.2154588527957243,1.1027338631022605,-1.4932176379164839,0.8915205811791408,0.8871069771573789,-1.0928044440599545,0.8593604653770105,-0.11384345318528555,1.6879330020471124,-0.37715379660841986,0.7629105012269867,-1.7959741474321478,-0.6231226845558969,0.5061512676784707,-0.6860264835720086,-1.054133979845538,-0.8424742529994945
-0.43223830695373366,-0.35577941067202135,0.6967253815538811,-3.1290881913917135,-0.927846619109304,0.07583697315758502,-0.2656670251390437,0.714400058203048,0.4909864081838238,-1.476098036294547,0.32190370221002673,1.299638411087816,-1.6356334016826957,0.6060901173083013,-0.6190149683816631,-0.7518627906059041,0.46666628728959986,-1.8827545018525282,-0.2542934075047259,0.8581477901536341,0.1067154685918706,-0.35702256884780376,2.3275918842781405,-0.5170722541282323,-1.401645543378446,-0.8731925718872148,0.8426306638669241,0.8617081576983517,-1.1508677063775643,0.3743158218653198,-1.6054317144697037,-0.4618030353915382,-0.6468398515516596,0.1675529979829914,-1.2690461609427155,-0.26692290812974623,-0.8742871657700765,-0.622807288511613,0.9685427791606114,-1.0216920662397997,0.5529059061095171,-0.5482345244057826,-0.48084957245086785,1.6704980054091163,0.9917127323215562,0.9381558921299594,0.6269690219095693,-0.46235339999355984,-0.04981013167446518,-0.16080358453324434
-0.29338674278661186,1.3244173903574457,-0.15254577329763427,0.3120583031454704,0.8040322901425144,-0.8784418563748956,-0.36446137409918505,-0.834522825751897,-1.1584166036365946,0.05810583974077385,2.5017650960597746,-0.7935074851439246,0.04641988090055158,0.6378115275227793,0.32486046626696946,-0.16671286249381753,1.5819674470686946,0.22154674072321515,-0.7596828712569068,-1.4054279233927245,0.4114649085150775,0.3521608900263485,0.5375786177696418,-0.05959246086761524,0.09568258850789604,-0.25660425262195036,1.5455391740967661,-0.22192460273239042,-1.7537972647520734,-0.1831673171581619,-0.6709324033534196,-0.6176235402417252,-0.08598420091398411,0.4407239406716755,0.36389320912791134,-0.0378021283944908,0.44484401907196836,-1.4864914283608992,-0.5978745234126283,0.7128903920580308,-2.029560065949391,1.2723510171363086,1.4171762093951146,-1.4528051632957872,0.7829877388185581,0.10267905941178967,-0.8894353277937291,-0.010895529705175034,-2.101661649877176,-0.5298247922617618
-1.0070401253673127,-0.020622229228978106,0.3686046357116577,1.6015634550043427,1.872331748639304,1.098533179803085,-1.497349091565915,0.17904753927680525,0.8391968934398826,-0.9529766387462643,0.7941674714200839,-0.12253438711304857,0.480435287129279,0.22779384371125383,-0.15833833094608912,1.4028930698445035,-0.38444416247261204,0.9259399916221448,0.1536820063603452,-0.014457097400777781,-0.8691215650442512,0.44133579842995785,-0.15093376265966618,2.2450102126429714,0.7983165984963878,-1.0538720749297599,0.987465824766583,-0.6104517477212428,-0.4716324916703188,-0.15161476982792096,0.8927258999853226,1.6273390350955486,0.25092191048900697,1.083446262955782,-0.4957902944613915,0.08609396739403001,-0.9949638632862082,-0.30193176796141297,-0.1741483500154024,-1.2056142500654754,-0.06869469769169374,0.7011401195435947,-1.6261942746061941,1.4250769453697198,1.313551862713271,1.0879800751667157,-1.2038525083559695,-1.1530530336542844,0.48921370081933496,-1.0207829643752289
0.4252075996399009,1.1681264271892369,-1.1557993852795636,1.541987027708236,-0.2626780900148427,1.1858244076336708,-0.5852101559690124,0.2933464367153309,0.5421066218720216,0.4057701148286556,-0.1548395597062786,0.09926815660078171,-2.344486374356276,0.7204494240806871,-1.985128894806908,-1.113697726786059,-0.389164984085092,-0.34477698172261767,-0.09725349841392864,0.5455756808651278,-1.5509775524794998,-1.3074929817547243,-0.5279401994994299,0.2522683288626775,-0.8824461258974658,1.0754794424441154,1.4479988933871122,-1.2282278091299061,1.6451753779402916,-0.11487463871665156,0.4767994431530475,0.2236554767734067,0.257003679755467,0.16740504659099587,-1.753146566594426,-0.16791378386536812,0.01689288211384803,-0.5734653037292303,-0.9036212923800022,-0.031559204116791806,-1.4976718412377663,2.189650212453221,0.15895716488782974,-1.0240911730311426,-0.055761596762208245,-1.3511999955085612,1.7772076031167503,0.20813177352352744,0.14760474480579086,-0.14196612447856508
-1.2248165923354877,-0.6073571209148109,0.41782359492810583,-2.6596693797358957,0.9716512976805789,-2.19649538110396,-0.17332762282201036,-0.6551016300915722,0.40362073427232154,-0.9839384838951971,0.5036671840796867,0.7914134901067731,-1.7061874995424804,0.057839356724629275,-0.2401678970973744,2.3804136365109962,0.6472751427704829,0.6248557297296207,-0.29590057637123296,0.0981120890176681,-1.0263499776756144,0.46688085739966917,-0.5350564737007889,0.8107789004873949,0.05198905872245649,-1.4482599844089779,-0.35025349275421097,-0.9976043719199084,2.244163630391076,1.5472052142196446,-0.31186743730325817,0.24242020791743807,0.1145748622952072,-0.38905259653389485,-0.9022154525633708,-1.829270891172151,-0.007424580682063622,0.3108736219234459,0.5475580108969288,0.5302650252447813,-0.4054556946081176,1.269030371153318,-0.4279680979112144,-0.18680547686626064,-1.08483671576444,-0.4557810336100669,-1.9184592381599002,0.28231161582589936,0.7938153892273065,-0.8871728917118208
-0.5904646553271169,-0.012841659305438746,1.3049615444489677,0.5350268426841378,-1.3773638616919641,0.9223175184720701,-1.4832522072821366,0.1174205483359327,0.05720034377495207,-1.610123015969892,1.4427682407669162,-0.2313281170243488,0.3077699396150237,1.0112863862602355,-0.31653804626726534,-0.6673021447577308,-0.952345799282998,-0.706496293740966,0.46379138156293453,0.01759662917922838,-2.0002029878555456,-1.0728999449658172,-0.6198712530947484,-0.9896577532958057,-1.5409822938028295,0.6146877155613835,1.1604681706768931,-0.36288462291637635,0.8352053463036242,-0.5529098649317526,-2.2443588676285815,-1.295032700996711,1.3849602587494134,-1.0541817311139934,-1.0439827651352118,-1.277043736414745,-1.0727686386605817,-0.6215607043308281,0.3747918489318077,-0.32608483129973287,-1.4002913530797025,0.7614649996709186,0.657259424329231,-1.2110648741673955,-0.14197468543301545,-0.25083562434287965,-1.1098678415528336,-1.2008094444214827,-1.3935675777726184,-0.018789446452172804
-0.9136380691384904,-0.25093687842642065,1.7967118556211066,-0.34972099434698295,1.7305013142838654,-0.5657283937178436,0.3023613851827436,1.973528090399384,-1.2710478831011511,-0.4301687678968263,-0.30926717717020613,0.6377173074253242,0.8887344572167166,-0.42825137273274405,-0.0896303158722854,-0.5214321963221713,-0.17313650308963688,0.17120741436338577,-1.8248309383831463,-1.034280120069758,0.12901718533308923,0.458505667493202,-1.0941471545844728,0.4301777249378835,0.9348757256662925,-0.6836456664385607,-1.3501132269124128,-0.04034926987257677,-1.620327233642133,0.9542596772454678,-0.48620073194171903,0.7492416517244908,1.7146308157218138,0.013639232801795057,1.6377148021251449,-0.2959198367751654,0.37961270542241304,-0.7012633423940646,-0.444936363904856,-0.14472534911632803,1.267508153638517,0.5827570400996963,0.7729363781529025,1.528558681368757,0.7547433351395414,0.5053471039709204,-0.3248416579996746,-1.2474076113351338,-0.543216369012219,0.18373017947600453
-0.8709177143566686,-0.9691136404066623,-1.187380654857084,-0.025008058096458226,-0.005087181455134254,-0.16394102167780336,1.3731163860589826,-0.9745332319614218,0.15359375197672825,-1.2242106327967168,0.6644804705259095,-1.4967328080747555,-0.38093558943047495,0.19377094223722074,-0.5320069937070454,-0.03855375612042458,-0.5531650752611298,0.009778756915695755,0.25244191192935694,-0.6287171296295009,0.5847687702630717,-0.6188050908826752,0.17476441098437148,-0.12356810820864646,-0.3571745023164907,-1.0479409029601425,0.6134912424901405,0.5143316493305833,0.7496149340603253,0.16442010747875274,-2.924291132183813,1.1686553865312979,1.8319449213154118,-0.015277001633187902,-0.7077368485525876,0.2758060499167905,3.2759082989688784,0.3576909604127071,-1.969347984297672,0.5729530534928156,-0.6887118599380112,0.5339858357166269,-0.8398002573262318,0.13964252633842997,0.8815684818518958,0.6540222867915132,-0.07271958803528526,-0.06929100124836711,-1.2091968761427931,0.7176689057394068
-0.3685556397935724,-0.3033119533670095,0.5336850083572168,-2.2161334557134986,-0.7798802434194972,0.8985008270154393,0.7820872003459194,0.5529476512078119,1.254956095217648,1.0866419673221028,0.5618991164593642,0.7183996554431052,1.2004223705861787,0.032464111856183815,0.6518289597631164,1.0746764217746312,-0.9678370238166641,-0.028591718166121143,0.9012482544807836,-0.40490140726979273,1.801929145173474,-0.6799373915246092,-3.189186106435029,-0.23192933770403118,1.5305186122600662,1.4609176716160264,1.6579400589989939,-0.07625025079467525,-0.5401836156849786,-0.27772541082898605,1.773842681608639,0.7142934269358597,-1.3113128640566951,4.1872417518068033e-4,0.8979758105260544,0.18796474429713847,0.020357300743671147,0.49584505779149557,0.1599586575241813,0.7202238261379035,-0.4886523004919047,0.8635107902075171,-0.16996021748359985,-0.04271323496148425,1.3296579010589868,-0.21536231037028636,-0.6290992598695073,-0.679917049696824,-0.07901706368124974,-0.8499892316864691
-0.485252516092759,-0.6552671396651844,-0.5080241707657533,0.38504050117513655,0.39754392141563144,0.6891673190229803,-0.7985329575251369,-1.0738211297522662,-0.6117129598479674,-0.3348055803811427,-0.12263482579505247,0.09637100777018835,-0.6137864176282266,-1.0741545541437274,1.9185805797028672,3.23554281654337,0.42069595868705684,-1.275787264145574,0.8804406898562592,-0.8023712162597987,-0.8947283813872092,0.41420618209741633,-1.1694442418667808,0.5579476569952856,0.04180943606623078,0.1069582300998575,2.0574199713766217,1.2324209776888255,0.12800250404928318,-0.644419619223862,0.03371243897734452,-1.149567389504029,-0.8064613007931047,-0.39416297160344554,0.6059251775145603,-1.0487148214623425,-0.41621940371551036,1.1450050070927213,0.42582808401338285,1.5178881249789196,1.2353094070142192,0.7633241509051439,-0.21595393424308157,0.4368399433933089,-0.06636390117713568,0.22674232813408354,-1.35334550625973,0.7212092084815567,-0.8232938435817411,0.6740899418262801
-0.6999618791820347,0.8574473249470492,0.522720628103725,-0.5267206877428837,-0.8092489367071423,-0.8190232453426811,-0.6568662171352502,0.3519967692804413,-1.8008492474767523,-0.037840703900050766,0.05654600663726318,-1.0956452743285148,-0.1666958126080683,1.1988259897380296,1.1556571513438458,0.4833146351820743,-0.1388138931754499,-0.1625880410706837,2.2317700988298466,0.7638071561561568,-0.47253781279155965,0.3664272857469214,0.9915634998467364,-1.5042953697213401,1.8598597477973082,0.3333103700052769,0.2909559617676771,-1.239866664601238,0.677509852574167,-0.3671060097372649,1.2610659522987342,1.4503747514910161,-1.258681845214423,-0.5910024844358288,-0.7947163479465625,1.0216775013177601,-0.5151868277326583,1.065391994912426,0.4909560256702178,2.8247187643465455,0.8132502453388923,1.2003746225404928,-1.0521772814254164,2.8561308878324856,1.5785980712976055,-1.1573391075809123,-0.09391309494075141,-0.5643253314430962,-0.3013604280366763,0.004654314224342219
-0.2534338967826245,-0.290983583023627,-0.17846386245643206,0.3738894888988656,0.05032303024864501,0.3200667569762179,-0.4656922544803157,-1.0418247757409593,1.8380278701859334,1.3805913298924701,0.6518910030124395,-2.3303586363217668,1.3497427411458043,-1.1624332134006892,0.6601851791684589,0.6196162192045519,2.169525792413102,-0.8139526680174086,-0.6398348303688017,1.7596129358700356,-0.1085088008199023,-0.24890666449543072,0.14919692833461146,1.3905277690289888,0.3348866871309951,0.19450927011064176,0.7645113146206097,0.5548753360934101,1.6599327828158983,-0.27591332389643364,-0.17396089108761492,-0.2977832746966591,-0.41844567110898523,0.9259726906967319,0.5381719741155336,0.04536309995149248,-0.3605014713865323,-0.6555733748519467,1.0494802263222038,-0.11273842983907974,-0.34256835679027964,-0.14039141814224113,0.11776283639759838,-0.6564740252974091,-0.788413331284242,2.0328002789572226,-1.2843229229043707,-0.07862100034068081,1.1162713383202547,-0.3601517757367274
-1.5848976080791792,-0.08278120444429887,-0.2480332656015074,-0.19121820035662102,0.10177204172181403,-0.46707523121585826,0.6058934153869046,0.5903511516859332,-0.564277936786275,1.8578212424169172,-0.02623864299651823,-0.3653366349313013,-0.08155736257614996,1.3051292211623837,0.05506908758353675,-1.3735286742931385,-2.8430178950340763,-0.35960728144336035,-0.980103654491157,1.3151800817459451,0.23758303470623773,-0.7363294245227189,0.5546310704233322,2.282636006268235,-0.18966487420983,0.6525788149474995,-1.0786189960001777,0.9166668220547793,0.13438460302727173,1.0906215035097013,2.0755491764516893,1.8366111442394086,0.3053405812212122,-0.14347035956820195,0.5563734742341088,-0.3492295608991199,0.16880673796337495,0.9055959021843621,-0.8197974331803513,1.329461180137573,-2.019833386235652,1.7700780657183004,-0.3646664231936014,0.44783308782263637,-2.679437012376936,-0.2586205479537872,-0.4979265956925878,0.4421909260573394,1.8446825917342236,1.1178418963308199
0.11103836752132455,-0.8278446928048021,0.6820994967397186,-1.025437555372282,1.1691235460632337,1.251855336046486,-0.039519537251389084,-1.2684398987987517,1.1403566006523826,-0.052950217812520406,-0.3395089961232722,0.6688607321261223,0.02587310208510685,-1.0684664757175166,0.07573238027463179,0.14124173883725402,0.6452819295027477,1.0242439952678226,0.3260979759895283,0.42284022877334426,-0.7983483143807107,0.19400575543486273,-0.5896907024835908,-0.4412005807799085,1.0120649953957916,1.4749183797160559,-1.5337600175504789,0.510265148781819,-0.7034212682359521,-0.7813729211361035,-0.8986418359973674,0.4647404299478908,0.18706179676923032,1.5585374038404407,-1.1525294190268482,0.2686635242145364,-0.8717520814816233,-1.3247384706070882,-0.738381470699821,0.6926591145561694,0.8370101909464125,-0.0256507306642261,-0.6497009640255805,0.09707993412710918,0.22881352581903883,-0.0981801231087492,0.422550256259989,-0.7706044044607611,-1.9313080419605504,0.24722361105738302
0.6318461589568521,0.21519900561092947,0.7462015267358434,0.333196336107161,-0.5665910938970414,-1.5714725855299934,-0.9450565027922312,0.020477664707116504,0.6240534704728141,0.33333620077998183,-0.5939899800810541,0.31905529591831594,-0.899870707064619,-0.982083465583142,1.157522581813188,-2.3597826390709185,-0.8213217070805983,-0.5665925820568994,-1.6852623950333463,-0.11830769025484755,0.9293321796634783,-0.04875378188008533,1.4095645532064476,0.5188045738389241,0.5299493140040442,0.06202638618999819,-0.012340855542386515,-0.1290371347051622,0.7649424585489935,1.643323733764381,0.8379903215015615,0.4162792504241945,-0.23119240916405556,-0.7829443174621397,0.7251206546891168,0.8527895392347942,1.521637743723059,0.16004340764402739,-1.279150683501915,0.06994385986908931,-0.3733478739555786,-1.3057941017753711,-1.017578684923568,0.17098212263026008,-0.03547720912165621,-0.353161254132741,1.0301895270286223,0.9210972215748566,-1.3574990841561778,-0.7885505467131592
-1.2830986920339065,-1.6119363569036296,0.2790770377860668,0.5950690713111392,-0.3753402883235606,0.8197544520824106,-1.5119846105844676,1.3413162587743404,1.6577361002455557,1.3090976820364069,0.2909620760368917,-0.3641663897854077,0.06701060439014522,0.8608884910747121,1.2816488993976523,-0.2582732433307346,-0.28622916957808403,-0.03272916107035581,1.210691571985607,0.5760057283081356,-0.37968916013570503,0.9595004798729501,-0.297443677420138,2.053861151768,-0.5555199734147006,1.220911194659609,0.2929008025917565,-0.5053698877502669,0.8197638213518074,-0.17078522605100646,-0.010943631988931732,2.0076740173243857,-0.15530142668351696,-1.8439472734689404,-0.005439507849847359,0.6020549647827687,0.6023843534541371,-1.9872619729065484,0.8575476751784826,-0.052837844245267704,-0.7059136829654251,1.2751972948482768,0.05817635530860453,1.1150342538866598,-1.304032520157215,-0.9931054345117603,1.1010949574248239,0.30536135689843497,1.175286632477936,-1.2678792282772555
-1.4131006215930055,-2.9498717842832276,0.46404938204627966,0.0543192874307289,0.1239935389961075,1.3910960881963272,0.5592971629786024,-0.2224740874494411,-0.04209058454730888,-0.17446224484665032,-0.055021997706913524,0.05006535632758912,-0.6442655846992046,-0.08174492716792903,-0.5919468570976721,1.4614250939909206,-1.0888009838759949,0.10302362183111818,-1.047113590627427,-0.7886142073906949,0.9851705744886391,-0.6320839359074709,0.587354813049546,-0.882059097299561,0.7022500242759345,-2.3473824887712307,-0.13245101256043026,-1.4096109254822298,0.9038436724153321,-0.6536419101069261,0.727129908185823,1.208334331614337,-0.41808374042321955,-0.1599725733817303,-0.23942993941060284,-0.3959553616352148,0.9234126391550379,0.4047043233699952,-0.4595810930447279,-0.9966015901442767,-0.5392496649458907,-1.4225133105862406,0.07883273012598001,0.20285431550106045,0.13788634038948916,0.8689231496029169,0.9100310500714254,2.255690275495865,0.07664332305842446,0.3413681074916063
2.231997110110461,1.8801063432658334,0.37846041253328855,0.5671015874380835,0.8973744777333246,-2.6095250091857802,-1.0439634503748774,-0.10639759420363668,-0.30044452817298695,-1.0436258651072061,-0.3717382771934115,0.155990601900036,-1.799439516942288,-1.8451908393035987,0.9498033495032182,-0.19807004969216904,0.5784004888552792,-0.1894660344124148,0.4385467757008663,0.26491711249537125,-1.62921830722764,-0.12306747401737426,0.013673276718640345,0.04712647941058236,0.6308737077800106,0.6301156263664622,-0.8023898421751592,-1.5436587030658806,1.1437910848979933,-0.707909530538924,-1.3252312661326866,0.4606900154138638,-0.8606496086486056,0.9119439740439729,-0.8853215266570925,-1.1810690231307217,1.38365760106013,-1.0734286737769487,-0.7977427892964579,0.9910339422023651,-1.119484484263823,0.03832569988837461,-0.6441401302971114,-0.0787893747449257,-1.2360967848333433,-1.8163842591392911,-0.2754461908601031,-0.3168276889191101,-0.9894236332040861,-0.7580122013171101
0.23950724081271724,0.7572616974226986,0.2783740015529941,-0.4640106287359775,1.8955969931734156,0.6477465969605093,0.4970120724377884,1.4041903117897583,1.7322579791516997,0.9942003661615466,0.17658846965934039,-0.7524105261949188,-0.9704918720392091,1.503420382133753,-1.183109785074291,-0.05764263342676866,1.3554177692818525,0.806090490556974,-0.33780518841252033,0.16646619802109658,-0.16223466532960926,2.2707832168022044,0.47909451687651805,2.3086346362296246,0.3729176737117017,0.42284819776389854,-1.2222153691153108,0.6986202251913726,0.2887536018195806,0.18810548635675345,2.238163226838609,-0.7860635599311393,-0.73364706790509715,-0.1534800720729863,-0.17406104329551478,0.8629339713312693,-1.089346166790364,-0.07381476699241038,-0.04615423381242615,1.037041355678931,-1.4188888331771046,-0.8483898913502328,1.5999209963291237,0.31562345136317715,-0.8354309531181997,-0.31884778217785315,-1.7559854387362666,-1.9712965158045104,0.695446530402396,1.808070111988933
0.05319292690480233,0.6347286340604443,0.09123016010695419,1.2848008150599872,1.58218645567045,-0.3629795820714617,0.0730709155813911,2.0362965531614887,2.1565298233994756,-1.5246345396298324,-0.7730669219899767,0.05455507893136907,-0.23864909058919015,-2.4885274308038428,-1.1926586047787466,0.03904464136347023,0.48911220060326577,-0.04244782383946524,-2.379476385743785,-2.345023214352555,0.3457747309222082,-1.2839164256298503,-0.4414538525280969,-0.9252604693710714,-0.35646358092508723,0.180887564900774,0.9412441930379093,-0.3181260711301697,-0.9432638426423707,1.7480347972226138,0.30243627387721117,0.9016340408718229,-0.829051291306179,-1.5788616910830882,-1.0848515556533578,-1.04514527242289,-0.9369223091266242,0.2740330573180195,-0.19097574869507963,-0.5019535880635715,-1.0122526490381252,1.307569020519365,-1.1609837518067347,-0.7137465563691752,1.3992647734230883,0.12484080399135197,-1.5618643360771705,1.1719320724370652,-1.1636318451788163,0.5447927174689434
-0.19850745557701846,-2.2365082658029936,0.9156102257648271,-0.3579722818056599,0.9602553537831744,0.11022175101804287,0.7217710149431228,2.483105112706674,0.3185188803512537,-0.24525312914981454,-0.802419608349066,0.11226854696815876,0.16363174597714242,-0.6925260213203254,1.59578333479431,-0.12372948963351366,-0.911856524356647,0.15489822566351777,0.25934489240306385,1.8966370196068452,-0.49219092437535705,0.317251422360256,1.2440078054959554,0.9554788215237879,-0.05022660057336227,0.1270994373627615,1.0059799101163978,-1.5142947278232428,0.13321826112248822,-0.22426083915478806,-0.49671297563809536,0.7687155819507753,-0.5072110779543834,-0.5826704013678884,-0.0239894760659167,-0.6864478502881222,0.3285280600715207,-1.4998700588983347,-0.6353358730670935,-1.2012512219950868,1.0831385336736985,0.6652231650743514,-0.18931569776347432,1.87501507016515,-3.0581227463834324,-1.4689919561802192,0.6852824133607581,0.009805042921905517,-0.1446435799133818,-2.736674460035969
0.4926477611207436,0.6771291170271893,0.709899292255341,-0.5796518898459452,-1.9030769771044622,-0.2700741475598456,1.094171501049688,-0.3936253244304239,0.16984704552344043,-0.40215507782346427,1.3735661326631332,-0.7228314604482398,1.0680358963444236,-1.520339343276323,0.03693926850178884,0.10004958224597789,1.6144774688425108,-0.8902812004828918,-1.1030046827776738,-1.3315614348386378,-0.4786867698212782,0.41065051423109483,-0.5176337344305424,0.47350101025341307,0.8788628089079907,-0.4576253907231577,-0.1591379397525037,0.5153793857559857,-1.7621369586184579,-0.095715548183244,-1.186225009563184,-0.5131579824991185,-1.3945409942264793,-0.03903860532958866,-0.13275336803824814,1.1454106139211708,-0.4798940283021194,0.897805220742601,1.9664449009034726,0.03028835239657463,-1.0453002735235781,-0.6827066057635585,-0.7272778417745188,1.8597519888007044,0.3198380913735808,1.0685086021633345,-2.2864094178025023,1.6054142922512569,0.36937855780432255,-1.0225496783486927
0.037241061093232025,0.519814270578053,0.7939328385720233,1.041592782480644,0.9473247538752367,0.6920973069337157,-1.4232943894976084,-1.055136590659028,0.7423494982910565,-0.5227443363676963,-0.8813560626806459,0.1981955638145353,0.038534226822035576,-0.5679675021139594,0.033782099433273406,-1.5112334190123589,-0.1637266655855194,-0.3822590762129631,0.9223010591079539,-2.6258776395589702,-0.6377342601100714,-0.4488904998883459,2.859936633839475,-0.36312945693810134,1.1246874852387267,-0.623076067904706,1.681094692146167,0.7896067965197604,1.1508046393860547,0.20507240487913064,-1.5253416354221772,-0.21916065389972775,1.2328758681231908,1.304306486774397,-0.24528994705376855,-0.5271610393687225,0.5111605724342521,1.0964873824296244,-0.7405082061172336,1.1170633792864733,-0.32386473356064166,1.0661026843766395,0.8560307106830894,-0.7965251739854393,-0.45685563800907875,-0.4821798280563615,0.7416705117008049,-0.9663940988485938,0.7911887688149304,-1.245784681667677
-0.545911952356732,-0.07765504139994914,1.1069684984940966,1.1148821810778802,0.7534203721730116,0.9282803054719992,1.0223036575444835,0.6511543424175014,-0.6725366904095316,-2.753608754149067,0.3157880605273778,0.3105603138376985,-0.12740672432917605,0.08868112913109338,0.9790230196839572,-0.4808714318902728,0.17873870178181697,-0.6470044320248305,-2.4514910096440237,-3.4247214715178915e-4,0.10342070684127573,-0.7096760630287375,-0.1617287350634975,0.361853678481415,0.297891244345568,1.0956475467052036,0.015323009132522611,-2.1510031753038317,0.5056672266989083,0.06341169807273954,-1.8163370958065999,-0.2751434509714114,1.9511169904928574,1.1233024379735765,1.1137006054359773,-0.2557845415216097,-0.06976080872056832,0.277361276663907,1.1414000474159767,1.7406785095429762,0.524438185756302,0.2179269099123098,1.1157633161312759,-1.8882792457930442,-0.6221569290678731,0.659615451932949,0.02006717924007721,2.638964501800853,0.677205298388734,-1.0166419152247117
-0.4324760670220418,0.8250387626537471,0.5493373330145538,0.6806556371010812,-0.6977971270218262,0.5931301013396949,0.6878150789209289,0.4355954442568363,0.49782615238743994,-0.5869002422073278,-0.9683865786382553,0.5263236017057498,1.1061333896930687,-0.3335407754902311,-0.19665658614585008,-0.3415876480078228,-0.049238628829137744,0.47427829202552835,-0.1310038192249362,0.10741229468763565,1.2622983592616808,-1.4572040610405448,0.12612649380574875,-0.332192091893926,-0.8068748556350716,-0.18665677534859276,0.9771187938319662,1.83821878632785,0.7026958390144712,-0.7416644306063248,-1.71753992490193,-1.643771507069384,-1.3088843568435864,0.8111161227817013,-0.6191077823741493,0.4730754989004738,0.7059400847467927,-1.2351754910404025,0.6000305389787841,-0.556531541211859,0.4456578903509661,0.6978002215205555,-2.4612043628005087,1.951696324792862,0.1306135556400241,-1.8176357878365623,1.914139939325558,1.4163289144566895,0.5471862038613416,-1.6480394751436285
-0.344484706333552,1.1205690307061964,-0.15299832869466642,0.22050665992610413,-0.5649302110342529,-0.10629276882251526,-0.3074548896609273,1.2852082343666436,-0.9896120021407147,1.2663129307259555,-0.23060964649542828,0.7110465220196712,2.415056393058583,-0.5788541499103135,-0.8466643874825197,0.569773368026909,-0.21580072358040833,1.1515289232923285,-1.0533970103667378,-0.008005431230321403,-1.0242991113665552,-1.4175964500040308,-0.6201436027520647,0.7603846590646597,0.7538128876314433,1.1814808095237037,-0.6714035582542168,1.2350854976217476,0.16108825652270542,0.9882911991313461,0.039712049725824046,0.6782662504891791,1.2555209348777483,0.47138211768247407,-0.1323248030015306,1.3351698132161554,-1.6070715804514302,-1.484676834823975,1.816364258186324,-0.12018183029351993,-1.9490096977888014,0.9116374799505432,-0.5802237332787195,0.4923450149243416,-0.48270017756751094,-0.2785831215376276,-0.010653257788312392,-0.20306975691212747,0.4094957533589339,0.5211267854873561
-0.3196693957724208,-0.1221635991869465,-1.0894704232452632,1.5948859846480987,-1.3691503449419802,-0.42412912886889,-0.019749055570371328,0.15021336768369753,-0.29747961441229664,-0.46887065503328235,0.3903622821334836,0.41031061325937396,-0.0854377496312043,-0.16379585572923303,0.13835732498620637,0.20737663637095208,0.08097708304063135,-0.4606314936962671,1.1271659013142143,0.14056461384812804,-0.09900345904907815,-0.2640206905207176,0.7330286250070769,-0.509569485214936,0.1498933531026872,-0.3869387950713825,0.6057661304292762,-1.266259631954038,-2.3912239889722926,-1.230524232564991,1.1215564693729065,-1.4886094910311651,0.11324414395199878,-0.8136003610147868,0.8638479759576682,-0.9841440750446719,0.7027523353043268,-1.5035264831850594,0.10987227913102256,1.713232579615705,1.4617238772971803,-0.5071348968405437,-1.903426700449573,-1.406569424863753,-0.5339346702662309,0.06773525499543985,-2.1436207622258627,1.1157851151416267,0.9713203908009685,0.3769475299606369
-0.7516988735969722,1.9453370776588272,-0.488032453801593,-1.0106408939135005,-0.012546974779610597,-0.14031375201880988,0.48839838570163574,0.16081935944895873,0.7948835338316712,-0.6190431852079391,-1.0095367841786382,0.3013989271920114,1.1779855905375856,0.2691654107580081,-1.7086333360297488,-0.7585924722546603,-1.0305527365838567,-2.2152623848457105,-0.7278346392287325,-1.1849273379813392,-0.482566864635336,1.2527868090457965,0.18887948009515707,-1.7571523211675015,1.1373716317790825,-1.013481183699127,0.6601525763600343,-0.8042210180492347,-0.60968661305008,-0.9800803618652131,0.35391566095012567,0.3454580049783489,0.02675454581810777,0.8111522115512704,1.3209749988547534,0.7431831264299564,-1.8455323861654156,-0.44632250325216055,0.009028066688429542,-0.4029612466996236,0.17794068019410536,0.2673852006866263,1.8366909242524534,-0.810864474610165,-1.387372012857381,-1.3506907701484085,0.8243604312732802,-0.07844158000708147,-0.35152110775693607,0.4253040108200809
1.0741015234409212,0.9883626994998055,-0.8699549173007949,1.1377699929415048,0.09063001567830735,-0.2272911513118029,0.6605008103540838,1.513758634433156,-0.7629534101753632,-0.66613948273847,0.5950386711269963,-0.09543009646226393,0.4861828648798671,-0.8557595820870015,-0.47246610353998325,0.8490138449087029,1.1532113023228512,-0.8455127725141312,0.9353405892081783,0.5924971041568482,1.4132032214746597,0.05370768409862835,0.6353313252383106,0.8131977178061227,-1.6014260500068902,1.4465621357742753,0.28967928584642083,0.20834948334678305,0.9443235714869781,-0.4154313328798175,-1.9320949722785707,-1.5465474955377105,0.05845696541787715,1.2184010856261687,-0.10423875489429861,-0.028645061086293198,-0.018332363878019692,-0.10674158246360421,-0.6161883570103553,-1.010278036594904,0.9996959195466747,-2.5269202517704215,0.13926604719482433,-1.029537326732041,1.599223915286948,0.919474362433358,1.094384729306198,1.9873205620685128,-1.0911907580755726,1.1234220425164045
0.09382215565948854,1.2243853812857863,-0.2985085869752527,1.7143938344849419,-1.753550460644578,0.2050619382332048,-1.7140433273145272,0.16199076997496578,0.8508606236314413,-0.8747392937008777,0.21891522857555304,0.4487603052257026,-0.07604597837364235,-2.0748562266507538,-0.15674016093421678,1.2265854211053309,0.6463288849385649,-0.934275894673734,-0.4682921038357507,1.3806875813430635,1.9277281824019008,1.5457197071244633,0.713170709295136,1.1323273208838078,-0.7441601535161317,-0.09849012600554008,1.0909513449232404,0.3644119566810447,-0.2736943601571221,-0.27844094049977003,0.08575322495510068,0.9564136291268568,0.45715365045016726,0.7422001006460311,0.06525367473672512,1.4210886902200648,0.47049987376907304,0.35312376485331326,-1.201807000284549,0.3487976831747041,-0.9372922471766887,-0.3512228328361384,0.4388406871843988,0.13143079604804128,0.9053797419403175,0.2725277443496687,-0.4102339056663203,-0.5958237465294035,0.41206192459753316,-0.035351975653510996
-0.7730668294882448,-0.31511761483263706,-0.5252945726403874,0.05460957413673073,-1.5813376329750373,-0.8245954885437242,1.4588569811072856,0.6822351269443403,0.5021790596860937,0.14602170384100044,-0.31660629064460344,-1.2692450421112313,-1.9208850499509729,-0.9258458642879552,-1.4425626847955897,-1.2794176707077078,0.0788285553783438,1.1807547872576631,0.1298210687681697,-0.8387285835505917,0.5007331278390784,-0.6022362887645856,-0.7688877414492151,0.11153896347961013,0.5326564413377992,1.2172807329365236,-0.13340196623638292,-1.1905332133086335,0.8370358255243164,1.0540993475430864,1.5000679494198228,0.8223787506678082,0.10271365536439049,1.1765431220517906,1.0991344163590036,0.9605989196028687,-0.7948565735663631,0.7957109912679599,-0.30164304485989407,2.377727816957547,-0.4482300404538404,0.8463354757112491,0.016667036346138513,-0.2753413743001893,-1.2685813132393813,-0.09461619454201846,-0.29499172461151485,0.17004964590180713,0.3733579634076744,1.4385064230119815
0.5912487349484185,-0.1311228556615006,-0.19668581587695164,0.5857220039454017,0.174485077417376,0.584580583678504,-1.407895483363945,0.48451754499858174,1.43374253551606,0.5927807080876272,0.24546654240252122,0.6542701930414734,-0.9675527455030264,-1.9043577912741816,0.1847643359376645,0.18401111065494768,0.9454057298524553,0.14299368395765558,1.4623528411944184,0.30587423629278004,0.06631087511267247,0.5786026002313107,0.8258663769731084,-0.830126638963554,-1.3529349830292288,-1.2320034797080675,-2.006078309670038,-0.6371049807103628,-0.9376239891199623,-0.6230589518838203,1.0146879281321124,1.8724581749644353,-0.86091686566605,0.30410729998282043,0.3198355608666331,-0.04641160584387711,1.5006998999035521,-0.518481877194195,-0.5931287608211641,-0.7521633098647454,-0.2689339223176474,1.0188484749903486,-1.5568960322403862,1.374795003502957,-0.3136210994907438,0.17830376656988475,0.4039416359003695,-1.0320260092070435,0.9895456512472741,-1.1279616051444055
